vaca_id;edad_meses;color;cachona;peso_kg;condicion_corporal;estado_salud;edad_primer_parto_meses;num_partos;intervalo_partos_meses;meses_desde_ultimo_parto;perdida_cria;produccion_leche_lt_dia;candidata_descarte;clasificacion_reproductiva
S00001;134.5;amarillo;1;473.9;3.6;sana;35.8;7;14.8;3.4;0;7.9;0;Buena
S00002;144.0;negro;0;466.0;2.9;sana;37.9;8;15.9;1.6;1;6.3;1;Mala
S00003;76.7;amarillo;0;466.6;2.9;sana;38.8;3;11.2;2.2;0;8.1;0;Buena
S00004;187.7;pardo;0;495.1;3.6;sana;31.3;12;16.3;1.2;1;6.9;1;Regular
S00005;107.2;rojo;0;496.6;3.4;sana;27.5;6;14.7;5.9;0;7.8;0;Regular
S00006;146.6;rojo;0;409.2;1.8;nuche;34.3;9;18.7;10.9;1;5.9;1;Mala
S00007;112.0;blanco;0;453.5;3.7;sana;26.6;6;12.2;3.1;0;8.0;0;Buena
S00008;53.6;jaspeado;0;454.6;3.4;sana;29.4;2;13.5;13.1;0;7.4;0;Buena
S00009;132.3;pardo;0;476.6;2.8;sana;30.0;8;15.4;7.5;0;7.1;0;Regular
S00010;160.2;rojo;1;491.1;3.1;sana;25.3;10;15.2;10.0;0;6.9;1;Regular
S00011;129.4;atigrado;0;473.5;3.1;sana;35.0;7;13.2;6.0;0;8.1;1;Buena
S00012;121.3;blanco;1;468.7;3.2;sana;24.9;8;14.9;8.0;1;5.0;1;Mala
S00013;73.4;negro;0;476.3;3.3;sana;34.5;2;13.1;8.5;0;8.4;0;Buena
S00014;52.8;rojo;0;451.2;3.7;sana;26.9;1;13.9;1.4;0;7.8;1;Buena
S00015;50.4;blanco;1;454.6;3.4;sana;31.7;1;12.2;11.3;0;7.7;0;Buena
S00016;148.5;careto;0;484.3;2.7;sana;27.0;10;16.0;7.6;1;5.4;1;Mala
S00017;114.2;pardo;1;461.9;3.2;sana;37.8;5;12.5;1.0;0;7.3;0;Buena
S00018;76.2;blanco;0;450.4;2.8;sana;26.1;3;14.7;1.1;0;9.0;0;Excelente
S00019;171.7;jaspeado;0;507.9;3.1;sana;37.3;10;16.0;14.9;0;7.7;1;Regular
S00020;173.0;blanco;1;498.3;2.8;sana;27.4;11;15.0;13.6;0;7.0;0;Regular
S00021;42.8;rojo;1;421.3;2.7;enferma;26.6;1;13.7;9.5;0;7.1;0;Buena
S00022;121.1;negro;1;504.4;3.6;sana;38.9;6;15.3;8.6;1;6.3;0;Regular
S00023;178.6;rojo;1;477.6;2.5;sana;26.8;11;18.7;13.7;1;5.9;1;Mala
S00024;94.9;amarillo;0;462.8;3.2;sana;38.7;4;13.6;5.4;0;8.2;0;Buena
S00025;90.1;negro;0;468.3;3.9;sana;29.3;5;12.4;0.5;0;8.3;0;Buena
S00026;103.2;atigrado;1;439.9;2.7;nuche;27.0;6;13.4;12.6;0;6.5;0;Buena
S00027;182.1;crema;0;498.3;3.1;sana;26.0;12;13.9;7.7;0;8.7;0;Buena
S00028;151.2;rojo;0;442.3;2.3;sana;37.3;8;17.3;11.7;1;5.3;1;Mala
S00029;149.3;blanco;0;526.7;3.7;sana;33.9;9;13.9;2.0;0;8.9;0;Buena
S00030;154.3;negro;0;508.9;3.6;sana;35.5;9;15.0;12.9;0;6.8;1;Regular
S00031;159.8;blanco;0;465.7;3.2;sana;38.7;10;15.4;11.6;1;7.5;0;Regular
S00032;101.7;crema;0;466.9;3.2;sana;37.8;4;13.9;6.7;0;8.6;0;Buena
S00033;72.1;rojo;0;489.8;3.8;sana;26.4;3;12.6;5.9;0;9.0;0;Buena
S00034;154.5;cafe;1;443.9;2.9;nuche;33.2;9;16.2;13.5;0;6.0;0;Regular
S00035;174.3;negro;1;454.9;2.7;sana;30.2;11;14.0;13.7;0;7.3;0;Buena
S00036;138.1;amarillo;0;462.5;2.6;nuche;26.9;9;14.8;4.1;0;5.8;0;Regular
S00037;108.4;blanco;1;433.7;2.6;enferma;27.6;7;15.3;12.8;0;5.6;1;Regular
S00038;53.6;cafe;0;416.1;2.8;sana;29.9;1;11.9;3.7;0;7.0;0;Buena
S00039;175.8;rojo;0;482.1;2.9;sana;33.5;10;17.1;13.6;1;6.7;1;Regular
S00040;137.9;amarillo;0;502.8;4.0;sana;30.7;8;12.3;1.9;0;9.4;0;Buena
S00041;130.9;crema;0;498.3;4.2;sana;37.2;7;13.8;6.2;0;8.1;0;Buena
S00042;87.8;negro;0;460.0;3.0;sana;29.7;5;10.7;5.5;0;8.2;0;Buena
S00043;121.5;rojo;0;469.1;3.5;sana;31.2;7;12.7;4.7;0;8.1;0;Buena
S00044;120.8;rojo;0;456.6;2.5;sana;27.7;7;13.1;2.5;0;6.9;0;Buena
S00045;153.1;blanco;0;476.4;3.2;sana;28.7;9;13.9;0.8;0;9.4;0;Buena
S00046;151.9;amarillo;1;487.6;4.1;sana;31.7;9;14.0;0.9;0;8.8;0;Buena
S00047;59.4;pardo;0;457.5;3.1;sana;28.0;2;11.0;4.2;0;7.6;0;Buena
S00048;102.0;negro;1;446.9;2.7;enferma;25.6;5;15.5;8.6;0;6.5;0;Regular
S00049;108.4;amarillo;0;487.8;4.0;sana;37.8;6;12.9;10.4;0;9.0;0;Buena
S00050;58.9;rojo;1;443.2;3.2;sana;36.7;1;13.5;4.1;0;8.3;0;Buena
S00051;103.4;blanco;0;455.5;2.6;sana;33.7;6;11.9;0.2;0;7.2;0;Excelente
S00052;153.5;rojo;0;461.9;2.3;sana;28.5;9;15.1;6.2;0;6.5;1;Regular
S00053;99.4;negro;0;491.6;3.3;sana;36.2;5;15.6;12.9;1;7.2;0;Regular
S00054;44.3;negro;0;471.3;3.6;sana;31.1;2;12.0;5.8;0;8.5;0;Buena
S00055;145.3;rojo;1;464.6;2.6;sana;27.6;9;17.6;5.1;1;5.0;1;Mala
S00056;108.7;negro;1;472.8;3.4;sana;33.6;5;17.6;13.9;1;7.3;0;Regular
S00057;165.0;negro;0;445.4;1.9;nuche;31.1;10;19.3;18.9;1;5.0;1;Mala
S00058;99.3;rojo;0;443.1;2.4;nuche;30.1;5;15.0;1.9;0;5.6;1;Regular
S00059;166.1;amarillo;0;489.0;3.4;sana;26.3;10;15.9;9.9;0;7.4;1;Regular
S00060;139.9;negro;0;480.1;3.2;sana;38.2;7;13.7;3.9;0;8.2;0;Buena
S00061;153.1;blanco;1;470.7;3.3;sana;28.8;10;14.5;3.5;0;7.6;1;Regular
S00062;63.0;blanco;0;440.6;3.1;sana;32.0;2;11.6;10.4;0;8.0;0;Buena
S00063;47.4;cafe;0;467.3;4.5;sana;39.4;1;10.7;1.1;0;10.4;0;Excelente
S00064;143.7;amarillo;0;493.3;3.0;sana;24.1;9;15.8;13.2;0;6.3;1;Regular
S00065;159.5;rojo;1;489.2;3.3;sana;36.1;9;14.7;0.6;0;7.0;1;Regular
S00066;56.2;crema;0;481.4;3.5;sana;27.2;2;11.2;1.8;0;8.4;0;Excelente
S00067;81.5;pardo;0;447.4;2.9;sana;25.2;4;11.8;10.0;0;7.6;0;Buena
S00068;76.7;amarillo;0;480.5;3.8;sana;28.2;3;11.6;7.2;0;8.3;0;Buena
S00069;135.7;blanco;0;466.9;3.1;sana;34.4;8;19.4;10.4;1;6.5;0;Mala
S00070;143.3;negro;0;474.4;2.8;sana;38.2;8;12.2;8.4;0;8.3;0;Buena
S00071;91.9;atigrado;0;434.0;2.4;nuche;34.3;5;17.4;1.6;0;6.6;0;Regular
S00072;43.8;rojo;0;447.4;3.1;sana;27.3;1;10.2;7.9;0;7.1;0;Buena
S00073;187.5;atigrado;0;504.1;3.6;sana;25.8;12;16.1;0.8;1;6.7;0;Regular
S00074;109.3;careto;0;466.0;2.5;sana;32.1;5;16.5;15.9;1;6.7;0;Regular
S00075;141.7;negro;0;475.8;3.6;sana;25.3;8;16.3;16.2;1;7.3;0;Regular
S00076;51.3;blanco;0;450.3;3.5;sana;36.3;1;11.5;5.2;0;8.4;0;Buena
S00077;138.4;rojo;1;438.5;2.5;nuche;25.1;8;20.1;11.7;1;4.7;1;Mala
S00078;90.5;blanco;0;441.4;2.9;nuche;35.5;4;14.5;9.5;0;6.5;0;Regular
S00079;92.6;blanco;0;451.0;2.8;sana;37.5;4;11.9;0.3;0;7.7;0;Regular
S00080;90.1;rojo;1;476.4;3.6;sana;25.1;5;13.5;6.1;0;8.8;0;Buena
S00081;181.0;blanco;0;484.9;3.3;sana;36.1;12;15.9;3.4;1;7.1;1;Regular
S00082;140.4;blanco;0;507.4;4.0;sana;27.5;8;17.1;4.9;1;8.3;0;Regular
S00083;55.9;negro;1;440.7;3.0;sana;34.7;1;12.3;1.0;0;8.4;0;Buena
S00084;134.6;rojo;0;429.3;2.2;enferma;26.7;8;15.6;1.7;0;5.8;1;Regular
S00085;170.1;blanco;1;496.8;3.7;sana;25.2;11;14.7;14.1;0;7.3;1;Regular
S00086;75.4;rojo;1;476.1;3.5;sana;25.2;3;11.3;7.7;0;7.7;0;Buena
S00087;85.8;atigrado;0;471.6;3.2;sana;31.5;4;11.9;5.5;0;8.1;0;Buena
S00088;135.3;atigrado;1;486.1;3.3;sana;30.2;8;13.5;7.7;0;8.8;0;Buena
S00089;183.5;negro;0;488.0;3.3;sana;39.7;12;15.9;8.3;0;6.8;0;Regular
S00090;95.7;careto;0;482.0;3.3;sana;34.1;4;12.3;10.5;0;7.9;0;Buena
S00091;48.6;blanco;0;446.6;3.3;sana;34.5;1;11.9;7.7;0;8.3;0;Buena
S00092;181.9;atigrado;0;509.8;3.6;sana;34.7;11;16.4;3.1;1;6.5;1;Mala
S00093;157.4;negro;0;477.4;3.1;sana;32.4;9;13.3;2.4;0;7.1;0;Buena
S00094;147.1;amarillo;0;480.9;2.9;sana;39.5;8;14.3;13.8;0;5.5;1;Regular
S00095;140.5;negro;0;494.8;3.3;sana;36.4;8;14.2;12.4;0;7.4;0;Regular
S00096;179.9;blanco;0;505.7;3.3;sana;25.3;12;12.3;11.2;0;6.9;0;Buena
S00097;99.9;rojo;0;502.4;3.7;sana;25.3;6;13.9;2.0;0;8.7;0;Buena
S00098;164.0;blanco;0;494.9;3.5;sana;38.5;10;18.2;14.1;1;6.8;1;Mala
S00099;134.4;blanco;1;465.8;3.1;sana;32.0;7;12.5;0.0;0;8.5;0;Buena
S00100;138.9;negro;0;430.3;2.3;enferma;32.7;8;18.2;7.0;0;5.5;1;Mala
S00101;46.4;rojo;0;444.2;3.7;sana;33.3;1;11.4;9.5;0;6.9;0;Buena
S00102;64.1;amarillo;0;423.5;2.3;nuche;24.6;4;14.7;5.9;0;5.0;1;Regular
S00103;135.6;rojo;0;480.4;3.5;sana;34.5;8;12.6;12.1;0;8.6;0;Buena
S00104;92.6;pardo;1;470.1;3.7;sana;30.8;4;13.4;4.4;0;9.1;0;Buena
S00105;61.7;negro;0;433.4;2.9;sana;38.6;1;11.6;7.8;0;8.1;0;Buena
S00106;60.6;amarillo;0;452.5;2.9;sana;31.0;3;11.2;0.4;0;9.1;0;Excelente
S00107;104.4;amarillo;1;486.6;3.4;sana;29.0;6;13.5;12.3;0;8.9;0;Buena
S00108;69.0;blanco;0;452.9;3.0;enferma;27.2;4;17.6;17.0;1;6.2;0;Regular
S00109;120.7;rojo;0;482.6;3.6;sana;35.4;6;13.2;10.5;0;9.0;0;Buena
S00110;124.1;negro;0;463.9;3.0;sana;38.1;7;13.2;5.4;0;7.7;0;Buena
S00111;47.4;negro;0;454.1;3.2;sana;37.3;1;12.0;10.4;0;7.3;0;Buena
S00112;60.9;crema;1;446.6;3.0;nuche;32.3;3;17.7;10.9;1;5.9;1;Mala
S00113;125.4;rojo;0;438.9;2.1;nuche;29.4;7;18.7;4.9;1;5.3;1;Mala
S00114;40.7;jaspeado;0;437.5;3.4;sana;28.8;1;10.7;1.7;0;9.4;0;Excelente
S00115;58.1;pardo;0;420.7;2.8;enferma;29.5;2;14.0;1.7;0;7.1;1;Buena
S00116;181.6;pardo;0;435.0;2.3;enferma;38.4;11;17.0;16.9;0;5.9;1;Regular
S00117;49.9;rojo;0;449.2;3.0;sana;33.3;2;10.1;2.9;0;7.8;0;Buena
S00118;76.7;rojo;0;475.9;3.7;sana;24.8;3;12.4;6.8;0;7.7;0;Buena
S00119;55.8;amarillo;0;413.4;2.0;enferma;32.9;1;16.6;11.8;1;3.8;1;Mala
S00120;173.5;amarillo;0;478.6;3.2;sana;30.3;11;13.3;6.5;0;7.7;1;Buena
S00121;87.0;amarillo;0;453.3;3.2;sana;38.4;3;12.5;12.2;0;7.8;1;Buena
S00122;110.0;negro;0;458.1;3.2;sana;30.1;6;11.7;5.2;0;8.3;0;Buena
S00123;113.3;blanco;0;476.3;2.9;sana;35.6;5;10.4;3.9;0;7.5;0;Buena
S00124;120.1;blanco;0;495.1;3.3;sana;36.9;7;14.0;13.2;0;8.0;0;Buena
S00125;142.3;negro;0;468.6;3.2;sana;39.0;7;13.2;5.2;0;8.8;0;Buena
S00126;42.5;cafe;1;425.7;2.3;nuche;34.5;1;14.5;3.9;0;6.3;1;Regular
S00127;43.8;crema;1;455.3;3.2;sana;25.6;1;11.6;11.3;0;8.7;0;Buena
S00128;109.3;blanco;0;495.0;3.2;sana;28.6;7;12.2;10.4;0;8.3;0;Buena
S00129;165.0;crema;1;459.5;2.9;sana;36.6;10;14.8;4.4;0;6.0;1;Regular
S00130;106.0;blanco;0;432.3;2.3;nuche;26.1;6;15.6;10.1;0;5.6;1;Regular
S00131;81.4;blanco;1;442.0;3.7;sana;34.2;3;12.4;12.2;0;8.6;1;Buena
S00132;95.1;negro;1;482.3;3.6;sana;33.3;4;12.7;5.9;0;9.1;0;Buena
S00133;172.7;blanco;0;472.0;2.7;sana;39.1;10;18.3;6.8;1;4.5;1;Mala
S00134;159.5;pardo;0;500.7;3.3;sana;33.5;9;13.4;1.5;0;6.9;1;Buena
S00135;118.6;amarillo;0;452.0;2.9;sana;34.9;6;14.4;1.9;0;7.2;0;Regular
S00136;139.6;rojo;1;497.2;3.4;sana;24.0;9;14.6;13.1;1;7.2;1;Regular
S00137;63.7;amarillo;0;480.9;3.4;sana;39.4;1;10.7;0.9;0;8.8;0;Excelente
S00138;168.5;amarillo;0;457.0;2.2;sana;26.0;10;14.5;10.4;0;6.4;1;Regular
S00139;106.9;amarillo;1;447.7;2.3;nuche;36.2;6;13.6;3.3;0;6.9;0;Buena
S00140;139.5;pardo;1;492.8;3.2;sana;31.0;8;13.9;3.3;0;7.6;0;Buena
S00141;155.0;pardo;1;473.4;3.0;nuche;39.8;8;16.7;12.3;0;7.1;1;Regular
S00142;43.2;rojo;0;458.0;3.6;sana;32.4;1;11.6;2.8;0;9.5;0;Buena
S00143;107.3;amarillo;0;452.6;3.5;sana;32.5;5;13.2;4.9;0;8.0;1;Buena
S00144;94.1;blanco;1;479.1;3.6;sana;36.9;4;13.2;4.0;0;8.1;0;Buena
S00145;150.2;blanco;0;455.2;2.9;nuche;35.1;8;16.8;7.8;0;5.8;1;Regular
S00146;172.0;negro;0;475.6;3.2;sana;36.2;10;17.1;0.3;1;6.8;0;Regular
S00147;81.5;rojo;1;473.5;3.9;sana;27.9;4;11.6;8.4;0;7.9;0;Buena
S00148;90.2;amarillo;0;465.5;3.3;sana;38.2;4;11.0;9.0;0;8.1;0;Buena
S00149;133.1;amarillo;1;456.1;2.8;sana;31.3;8;15.5;0.2;0;6.6;1;Regular
S00150;147.2;negro;0;490.6;3.9;sana;35.2;8;15.1;3.6;0;7.4;0;Regular
S00151;158.4;amarillo;0;493.4;3.0;sana;27.9;10;14.1;9.2;0;7.0;1;Regular
S00152;109.3;blanco;0;467.5;3.0;sana;37.5;5;16.1;14.8;0;8.2;0;Regular
S00153;123.3;rojo;0;491.4;4.0;sana;28.5;7;14.2;8.3;0;7.8;0;Buena
S00154;47.8;amarillo;1;414.7;3.2;sana;30.2;1;12.0;8.7;0;8.0;1;Buena
S00155;103.3;pardo;0;448.9;3.2;sana;39.3;4;14.4;7.1;0;8.2;0;Regular
S00156;140.7;blanco;1;489.4;3.6;sana;36.8;7;17.7;5.6;1;7.5;1;Regular
S00157;91.4;rojo;1;463.7;3.5;sana;31.2;4;13.9;8.3;0;8.8;0;Buena
S00158;95.7;amarillo;0;417.6;2.3;nuche;39.7;4;17.8;1.1;1;5.0;1;Mala
S00159;47.8;rojo;1;472.7;4.2;sana;33.5;2;10.8;6.7;0;8.4;0;Buena
S00160;161.6;pardo;0;488.9;4.0;sana;29.1;10;15.7;10.9;1;7.8;1;Regular
S00161;93.9;pardo;0;455.5;3.0;sana;33.0;4;12.6;5.8;0;7.2;0;Buena
S00162;142.7;pardo;0;487.4;2.9;sana;32.0;8;13.1;1.0;0;7.7;0;Buena
S00163;114.0;crema;0;466.3;3.3;sana;36.7;5;12.3;9.5;0;7.6;0;Buena
S00164;42.8;atigrado;0;436.0;3.4;sana;36.0;1;12.5;6.5;0;7.8;0;Buena
S00165;96.2;careto;0;461.3;3.3;sana;29.5;6;12.8;1.8;1;6.9;1;Mala
S00166;110.4;negro;0;495.5;3.6;sana;29.1;6;14.6;9.9;0;8.9;1;Regular
S00167;62.9;amarillo;0;398.8;1.9;enferma;27.7;2;16.7;3.3;1;4.1;1;Mala
S00168;67.7;blanco;0;448.2;3.7;sana;25.6;3;11.7;10.1;0;8.3;0;Buena
S00169;130.1;blanco;0;498.9;3.9;sana;33.9;7;13.3;1.8;0;9.0;0;Buena
S00170;142.8;negro;0;467.2;2.9;sana;30.1;9;13.0;7.2;0;7.7;0;Buena
S00171;105.5;amarillo;0;479.2;3.4;sana;26.2;6;11.7;4.9;0;7.6;0;Buena
S00172;40.8;blanco;0;447.1;2.6;sana;32.6;1;11.6;1.3;0;9.0;0;Excelente
S00173;92.5;pardo;1;430.1;2.3;sana;32.7;4;16.4;7.4;1;6.3;1;Mala
S00174;189.1;careto;1;493.3;3.0;sana;33.4;11;14.7;3.0;0;7.1;1;Regular
S00175;79.3;negro;0;468.5;3.4;sana;28.6;4;13.9;13.4;0;6.8;0;Buena
S00176;169.5;amarillo;0;474.0;3.0;sana;35.4;10;14.0;3.8;0;8.1;0;Buena
S00177;171.5;amarillo;0;488.8;3.2;sana;39.0;10;14.5;10.6;0;6.4;0;Regular
S00178;91.2;amarillo;0;449.2;3.1;sana;30.9;5;13.0;7.4;0;7.9;0;Buena
S00179;43.5;amarillo;0;457.4;3.2;sana;26.0;1;14.3;9.8;0;7.7;1;Regular
S00180;179.6;rojo;0;495.3;3.3;sana;29.9;11;16.5;10.8;1;7.1;1;Regular
S00181;56.4;rojo;0;456.1;3.5;sana;35.1;1;11.9;4.6;0;8.0;0;Buena
S00182;171.7;amarillo;0;483.5;3.1;sana;26.1;11;16.7;12.1;1;6.7;1;Regular
S00183;141.7;pardo;1;490.9;3.1;sana;36.0;8;14.7;4.1;0;7.4;0;Regular
S00184;129.6;careto;0;499.7;3.2;sana;34.5;7;12.0;0.7;0;8.0;0;Excelente
S00185;53.4;negro;0;456.2;3.9;sana;39.6;1;13.6;5.0;0;7.7;0;Buena
S00186;154.6;amarillo;1;487.4;3.4;sana;24.6;11;11.9;4.9;0;7.9;0;Buena
S00187;130.9;rojo;0;504.2;3.7;sana;27.3;7;12.6;8.6;0;8.8;0;Buena
S00188;166.4;amarillo;1;473.3;2.6;sana;31.3;10;14.2;10.1;0;6.2;0;Regular
S00189;116.5;careto;0;471.0;2.4;sana;26.0;6;14.7;4.0;0;5.8;1;Mala
S00190;47.9;negro;0;454.6;3.7;sana;33.1;1;13.0;3.0;0;8.4;0;Buena
S00191;73.7;negro;0;433.0;2.9;sana;38.9;2;14.3;4.6;0;7.3;1;Regular
S00192;48.0;rojo;0;422.8;2.5;nuche;26.9;1;14.8;4.2;0;5.4;0;Regular
S00193;37.2;rojo;0;448.4;3.4;sana;34.0;1;10;9.0;0;7.7;1;Buena
S00194;99.1;rojo;0;452.9;2.6;sana;38.0;4;14.9;7.9;1;7.2;1;Regular
S00195;189.5;blanco;1;496.6;3.2;nuche;38.4;11;15.6;1.5;0;7.3;1;Regular
S00196;123.4;negro;0;474.2;2.9;sana;28.2;7;12.9;3.5;0;7.9;0;Buena
S00197;126.0;amarillo;1;495.5;3.7;sana;30.5;7;13.7;1.6;0;9.2;0;Buena
S00198;143.3;amarillo;0;496.9;3.4;sana;25.5;10;11.7;11.6;0;8.3;0;Buena
S00199;151.2;rojo;0;469.3;3.1;sana;26.2;10;14.1;5.2;0;6.4;0;Regular
S00200;75.9;pardo;1;441.1;2.8;sana;38.4;2;14.6;0.6;0;6.8;0;Regular
S00201;162.5;rojo;1;490.4;3.5;sana;26.8;11;15.9;3.9;1;7.0;1;Mala
S00202;45.4;rojo;1;428.0;2.8;sana;38.2;1;12.4;9.7;0;8.2;0;Buena
S00203;176.6;negro;0;492.8;3.0;sana;29.1;12;14.1;7.5;0;4.5;0;Regular
S00204;51.4;blanco;1;480.5;4.1;sana;38.7;1;12.5;4.4;0;7.8;0;Buena
S00205;127.2;pardo;0;452.6;2.4;nuche;24.5;7;14.8;14.6;0;5.3;1;Regular
S00206;111.5;amarillo;1;484.1;3.6;sana;32.4;7;12.9;11.9;0;7.9;1;Buena
S00207;126.3;crema;0;474.8;3.0;sana;37.8;6;14.9;4.5;0;7.2;0;Regular
S00208;157.9;atigrado;0;472.7;2.9;sana;39.5;9;14.5;2.5;0;7.7;1;Regular
S00209;148.2;cafe;0;477.4;2.7;sana;39.9;8;15.0;8.5;1;6.5;0;Regular
S00210;72.7;atigrado;1;429.5;2.3;nuche;25.4;3;15.7;3.9;0;5.9;1;Regular
S00211;36.2;rojo;0;408.6;2.8;enferma;38.2;1;13.4;11.6;0;6.3;1;Buena
S00212;47.4;pardo;0;473.6;3.8;sana;39.2;1;10.8;9.7;0;9.0;0;Buena
S00213;110.3;amarillo;0;472.5;3.4;sana;38.2;6;15.9;11.6;1;7.7;1;Regular
S00214;43.6;negro;0;441.6;2.8;sana;29.8;1;11.1;0.3;0;9.0;0;Excelente
S00215;165.9;rojo;0;500.5;3.8;sana;34.6;11;14.7;6.6;0;8.3;1;Regular
S00216;77.4;amarillo;0;464.9;3.3;sana;25.4;4;13.6;11.4;0;7.5;0;Buena
S00217;169.5;negro;0;489.7;3.4;sana;25.3;11;11.9;8.1;0;8.0;0;Buena
S00218;62.6;atigrado;0;466.4;3.9;sana;26.0;2;10;8.3;0;9.9;0;Buena
S00219;46.3;rojo;0;434.2;2.9;sana;28.4;1;12.2;5.1;0;7.9;0;Buena
S00220;152.8;cafe;0;492.3;3.7;sana;25.6;10;13.1;6.4;0;8.3;1;Buena
S00221;58.2;blanco;0;441.8;2.6;sana;38.2;1;12.4;0.3;0;7.0;0;Buena
S00222;111.7;blanco;1;437.8;2.3;nuche;26.2;6;15.9;10.3;0;6.1;0;Regular
S00223;150.1;blanco;0;495.1;3.4;sana;32.2;10;13.0;11.4;0;8.2;0;Buena
S00224;164.9;rojo;0;446.5;2.5;nuche;35.3;10;15.2;0.5;0;6.4;1;Regular
S00225;170.1;blanco;0;519.6;3.5;sana;38.3;10;14.3;8.2;0;7.1;0;Regular
S00226;140.4;rojo;0;490.7;2.9;sana;36.5;7;18.0;11.0;1;6.5;0;Regular
S00227;78.4;jaspeado;0;440.9;2.8;sana;27.5;3;11.8;6.6;0;6.4;0;Regular
S00228;110.2;rojo;1;491.2;3.2;sana;28.4;6;12.7;3.1;0;8.4;0;Buena
S00229;98.2;rojo;1;480.2;3.7;sana;32.0;6;11.2;11.1;0;7.9;0;Buena
S00230;141.7;blanco;0;431.8;1.8;nuche;29.7;8;18.2;13.5;1;3.6;1;Mala
S00231;181.8;crema;0;490.4;2.9;sana;27.6;11;15.4;7.1;0;6.9;0;Regular
S00232;125.4;blanco;0;468.0;3.8;sana;25.9;7;11.7;11.6;0;10.0;0;Buena
S00233;187.9;amarillo;0;500.7;3.3;sana;25.3;12;14.5;3.0;0;6.4;1;Regular
S00234;156.9;careto;1;501.0;3.2;sana;30.9;9;15.5;14.7;0;6.4;1;Regular
S00235;38.8;amarillo;0;456.5;3.2;sana;38.0;1;10.7;0.5;0;8.7;0;Excelente
S00236;116.7;negro;0;490.0;3.8;sana;39.9;5;14.9;0.3;0;9.3;1;Regular
S00237;39.4;negro;1;450.9;2.7;sana;36.7;1;11.8;0.6;0;9.1;0;Excelente
S00238;53.8;negro;1;440.3;3.4;sana;35.2;2;12.9;6.7;0;7.5;0;Buena
S00239;174.4;negro;0;470.1;2.5;sana;36.6;10;15.0;5.4;0;6.6;1;Regular
S00240;176.2;blanco;0;483.4;3.0;sana;24.2;12;15.6;1.2;1;5.6;0;Regular
S00241;106.3;atigrado;1;495.8;3.8;sana;37.0;5;12.4;1.4;0;7.5;1;Buena
S00242;57.3;blanco;0;409.1;3.0;nuche;39.3;2;13.8;5.5;0;7.5;0;Buena
S00243;109.6;negro;0;459.3;3.3;sana;26.1;6;13.3;6.4;0;7.8;0;Buena
S00244;156.0;blanco;0;455.7;2.6;nuche;35.6;9;14.5;0.9;0;5.9;0;Regular
S00245;116.8;blanco;0;449.3;3.0;sana;39.3;5;13.3;9.7;0;7.9;0;Buena
S00246;58.9;pardo;0;453.0;3.5;sana;24.2;2;11.0;8.3;0;8.7;0;Buena
S00247;114.1;negro;0;474.7;3.4;sana;25.3;6;14.3;14.0;0;7.1;0;Regular
S00248;41.5;negro;0;455.0;3.2;sana;39.4;1;10.3;3.5;0;7.0;0;Buena
S00249;87.1;blanco;0;441.0;2.8;sana;29.8;4;15.3;12.2;1;5.6;1;Mala
S00250;174.1;negro;0;482.9;3.3;sana;30.5;12;17.9;3.4;1;7.1;1;Mala
S00251;133.5;blanco;1;432.2;2.5;nuche;31.3;7;16.4;9.1;0;6.2;0;Regular
S00252;156.3;crema;0;470.8;3.2;sana;37.0;10;13.1;5.5;0;7.4;1;Buena
S00253;97.3;rojo;0;465.4;3.3;sana;26.2;5;10.9;3.4;0;7.3;0;Buena
S00254;68.3;blanco;0;433.7;2.9;nuche;26.1;3;15.2;10.8;0;5.4;0;Regular
S00255;181.2;blanco;0;474.5;2.6;nuche;32.5;11;17.5;0.9;0;6.1;0;Regular
S00256;187.5;blanco;1;499.1;3.7;sana;36.5;12;13.9;9.4;0;8.3;0;Buena
S00257;95.9;negro;0;493.6;3.7;sana;35.1;5;11.3;10.9;0;8.8;0;Buena
S00258;169.8;pardo;0;492.2;3.1;sana;34.1;10;13.1;9.5;0;8.5;0;Buena
S00259;47.5;atigrado;0;455.3;3.4;sana;24.7;2;12.6;8.9;0;6.6;1;Mala
S00260;43.8;crema;0;456.5;3.1;sana;31.8;1;12.0;2.2;0;8.2;0;Buena
S00261;118.7;amarillo;1;469.1;3.0;sana;29.3;6;13.6;11.2;0;7.8;0;Buena
S00262;104.6;crema;0;450.6;2.7;sana;39.3;5;15.3;8.3;0;7.9;0;Regular
S00263;93.7;pardo;0;469.8;3.3;sana;38.4;5;13.3;7.2;0;8.1;0;Buena
S00264;155.1;pardo;0;481.2;2.7;sana;32.6;9;14.4;10.8;0;7.2;1;Regular
S00265;49.5;amarillo;0;447.4;3.5;sana;33.2;2;10.6;0.2;0;8.5;0;Excelente
S00266;131.2;blanco;0;447.0;2.5;sana;25.2;8;16.2;7.1;1;6.1;1;Mala
S00267;118.2;amarillo;0;470.8;2.5;sana;32.7;6;15.1;5.6;1;6.2;0;Regular
S00268;55.0;amarillo;0;442.6;3.2;sana;39.2;1;13.1;8.5;0;8.0;0;Buena
S00269;164.6;rojo;1;490.8;3.1;sana;37.6;9;15.7;4.6;0;7.1;0;Regular
S00270;111.0;rojo;1;466.9;3.7;sana;25.6;6;12.7;3.9;0;8.0;0;Buena
S00271;84.7;negro;1;449.0;3.2;sana;27.5;4;12.9;11.3;0;8.1;0;Buena
S00272;121.0;rojo;0;506.7;4.1;sana;37.7;7;13.1;1.0;0;8.9;1;Buena
S00273;125.6;rojo;0;451.1;2.7;nuche;32.8;7;14.2;3.2;0;5.1;1;Regular
S00274;107.6;negro;0;482.9;3.3;sana;34.6;5;12.9;5.8;0;9.4;0;Buena
S00275;185.0;blanco;0;475.6;2.9;sana;27.5;12;16.8;6.1;1;6.0;1;Mala
S00276;187.0;rojo;0;501.1;3.1;sana;37.3;11;17.0;11.1;1;6.4;1;Regular
S00277;175.7;negro;0;456.4;2.5;nuche;31.8;11;16.2;1.2;0;5.5;1;Regular
S00278;91.8;blanco;1;470.5;3.4;sana;37.0;4;12.3;10.3;0;8.2;0;Buena
S00279;60.8;blanco;1;450.5;3.3;sana;24.9;3;13.1;0.2;0;7.2;0;Buena
S00280;49.2;negro;0;402.3;1.9;nuche;26.7;1;15.0;9.9;0;6.3;1;Regular
S00281;105.8;blanco;1;451.0;3.2;sana;25.7;7;11.4;1.1;0;9.0;0;Excelente
S00282;156.7;negro;1;474.0;2.8;sana;26.1;10;15.2;7.9;0;6.9;1;Regular
S00283;71.3;pardo;0;460.2;3.3;sana;33.4;2;12.6;6.0;0;9.3;0;Buena
S00284;171.0;rojo;1;491.3;2.8;sana;36.6;10;18.6;6.7;1;6.5;1;Mala
S00285;167.7;negro;0;480.1;2.8;sana;34.9;10;14.6;8.1;0;7.2;1;Regular
S00286;144.6;blanco;0;467.8;3.4;sana;36.0;8;14.4;4.9;0;7.0;0;Regular
S00287;60.8;atigrado;1;432.4;3.5;sana;26.3;2;12.9;0.5;0;9.4;0;Buena
S00288;116.2;blanco;0;467.5;3.0;nuche;37.1;6;16.2;4.6;0;6.5;1;Regular
S00289;71.7;rojo;1;433.8;3.1;sana;24.0;4;12.2;7.2;0;7.8;0;Buena
S00290;49.9;rojo;0;421.0;2.7;nuche;29.6;1;14.0;8.0;0;7.5;1;Buena
S00291;47.1;rojo;0;449.4;3.2;sana;39.3;1;10.6;6.0;0;7.0;0;Buena
S00292;106.7;negro;0;486.0;3.4;sana;25.9;7;14.0;4.4;0;8.0;1;Buena
S00293;164.2;rojo;1;509.5;3.4;sana;37.1;10;13.3;3.6;0;7.9;0;Buena
S00294;112.8;rojo;0;422.1;2.1;nuche;27.3;7;17.4;11.8;1;3.9;1;Mala
S00295;119.4;amarillo;0;464.0;2.9;sana;31.9;6;14.4;13.2;0;7.2;0;Regular
S00296;44.3;pardo;0;469.4;4.3;sana;32.0;1;13.1;6.0;0;8.9;0;Buena
S00297;125.5;rojo;0;470.8;3.2;sana;32.8;8;12.4;2.6;0;7.4;0;Buena
S00298;79.1;rojo;1;477.9;3.8;sana;27.7;4;12.4;1.8;0;8.4;0;Buena
S00299;63.2;negro;0;464.2;3.8;sana;32.3;2;12.0;4.8;0;8.3;0;Buena
S00300;109.4;blanco;0;483.1;3.5;sana;29.8;6;13.1;11.4;0;8.2;0;Buena
S00301;136.0;rojo;0;475.9;2.9;sana;34.8;7;14.8;9.3;0;7.1;0;Regular
S00302;88.0;blanco;0;470.5;3.7;sana;25.1;5;12.1;7.8;0;9.1;0;Buena
S00303;91.9;blanco;0;450.0;2.5;sana;26.9;6;10.9;0.9;0;8.5;0;Excelente
S00304;171.3;negro;1;499.3;3.6;sana;36.2;11;15.0;4.6;0;7.9;0;Regular
S00305;56.2;pardo;1;470.5;3.3;sana;37.8;1;13.6;6.0;0;7.9;0;Buena
S00306;128.0;blanco;0;482.2;3.8;sana;32.4;7;12.9;5.7;0;8.9;0;Buena
S00307;36.0;pardo;0;414.4;2.7;sana;31.5;1;12.5;10.0;0;5.1;1;Mala
S00308;65.0;jaspeado;0;464.9;3.5;sana;35.4;2;12.5;6.5;0;7.5;0;Buena
S00309;77.9;blanco;0;455.9;3.6;sana;27.0;4;13.1;9.2;0;8.4;0;Buena
S00310;185.3;amarillo;0;474.9;2.8;sana;26.0;12;17.2;13.5;1;5.8;1;Mala
S00311;40.9;amarillo;0;496.9;4.1;sana;28.3;1;12.5;4.8;0;8.9;0;Buena
S00312;95.3;atigrado;1;432.9;2.0;enferma;27.2;5;17.4;16.3;1;5.3;1;Mala
S00313;120.6;amarillo;0;481.4;3.4;sana;29.8;7;14.0;0.2;0;7.4;0;Buena
S00314;73.4;atigrado;0;489.2;3.8;sana;35.0;3;12.5;4.2;0;8.3;0;Buena
S00315;90.7;amarillo;0;471.5;3.1;sana;31.8;4;12.4;9.1;0;8.0;0;Buena
S00316;74.6;amarillo;0;439.3;3.3;sana;32.7;3;11.7;10.2;0;7.4;0;Buena
S00317;117.8;negro;0;452.9;2.7;sana;31.3;6;13.3;4.8;0;7.2;0;Buena
S00318;184.9;pardo;1;497.7;3.0;sana;36.3;12;16.3;0.7;1;5.9;1;Mala
S00319;52.5;rojo;1;477.9;3.3;sana;30.2;1;12.0;8.6;0;8.2;0;Buena
S00320;179.0;pardo;0;460.6;2.6;sana;29.8;11;15.3;9.4;0;6.4;0;Regular
S00321;48.0;rojo;0;424.2;3.0;sana;27.7;1;11.3;6.3;0;7.4;0;Buena
S00322;124.8;blanco;0;502.1;3.4;sana;25.7;7;12.0;7.2;0;7.6;0;Buena
S00323;189.5;pardo;0;465.4;3.1;sana;37.2;11;16.7;6.0;1;7.4;1;Regular
S00324;41.3;rojo;1;467.7;3.7;sana;38.2;1;11.9;11.2;0;7.2;0;Buena
S00325;123.9;negro;1;477.1;3.7;sana;26.5;8;13.0;7.4;0;8.3;0;Buena
S00326;86.0;negro;0;439.6;2.5;nuche;35.2;3;17.9;14.0;1;5.6;0;Regular
S00327;102.9;crema;1;455.5;3.0;sana;36.0;5;12.2;6.4;0;8.5;0;Buena
S00328;143.5;amarillo;0;447.6;2.7;enferma;39.5;8;17.3;2.6;0;6.6;0;Regular
S00329;120.4;rojo;0;498.2;3.7;sana;35.2;6;13.9;7.8;0;8.4;0;Buena
S00330;77.0;negro;0;473.8;3.7;sana;25.8;3;13.0;10.0;0;8.9;0;Buena
S00331;159.6;blanco;0;460.7;2.1;nuche;27.7;10;18.9;11.7;1;5.5;1;Mala
S00332;88.9;pardo;0;480.0;3.2;sana;29.3;4;11.2;7.0;0;7.9;0;Buena
S00333;94.0;crema;0;467.1;3.8;sana;25.0;6;12.2;0.8;0;7.8;0;Buena
S00334;91.5;amarillo;0;423.4;1.8;nuche;30.2;4;14.8;8.8;0;5.4;0;Regular
S00335;122.3;blanco;1;478.3;2.6;nuche;28.9;7;17.2;5.2;0;5.9;1;Regular
S00336;45.5;rojo;0;422.9;2.9;enferma;39.8;1;14.4;2.0;0;5.5;0;Regular
S00337;170.4;blanco;0;493.4;3.5;sana;30.8;10;14.0;8.1;0;7.9;1;Buena
S00338;142.0;crema;0;480.8;3.3;sana;38.5;7;13.8;7.4;0;7.7;0;Buena
S00339;58.4;amarillo;0;414.1;2.1;enferma;39.4;1;15.5;2.4;0;5.8;1;Regular
S00340;187.8;blanco;0;489.4;3.1;sana;33.5;12;18.7;8.8;1;5.8;1;Mala
S00341;109.0;amarillo;1;497.2;3.9;sana;39.5;5;13.7;2.8;0;9.9;0;Buena
S00342;131.0;blanco;0;423.7;2.1;nuche;30.8;7;16.9;15.9;0;5.2;0;Regular
S00343;144.4;amarillo;1;483.9;3.2;sana;38.0;8;11.2;4.3;0;6.4;0;Buena
S00344;103.7;jaspeado;0;467.6;2.7;sana;26.7;6;12.0;7.8;0;7.9;0;Buena
S00345;126.2;jaspeado;0;455.8;2.7;sana;29.2;8;14.8;1.3;0;7.4;0;Regular
S00346;61.3;blanco;1;428.6;2.3;sana;34.1;3;11.5;1.8;0;8.0;0;Excelente
S00347;87.6;pardo;0;496.6;3.7;sana;26.3;4;14.8;2.7;1;6.6;1;Regular
S00348;153.9;amarillo;0;494.2;3.7;sana;36.9;9;14.4;6.4;0;7.5;0;Regular
S00349;78.8;blanco;0;462.1;3.5;sana;27.0;4;12.5;7.5;0;8.5;0;Buena
S00350;189.0;amarillo;0;493.4;3.0;sana;35.2;11;16.7;0.6;0;6.4;0;Regular
S00351;162.3;blanco;0;512.8;3.7;sana;31.5;11;13.2;2.8;0;8.7;0;Buena
S00352;117.5;amarillo;0;486.4;3.2;sana;36.6;6;13.9;8.7;0;7.6;0;Buena
S00353;148.3;negro;0;442.6;2.5;nuche;27.7;10;19.2;4.0;1;4.5;1;Mala
S00354;89.8;pardo;1;458.3;3.6;sana;35.0;5;14.7;4.9;1;7.9;0;Regular
S00355;164.1;rojo;0;433.8;2.4;nuche;31.7;10;19.6;17.6;1;5.1;1;Mala
S00356;44.6;negro;0;475.0;3.9;sana;32.9;1;10.7;0.7;0;10.4;0;Excelente
S00357;93.8;negro;1;501.8;4.0;sana;27.0;6;11.6;3.1;0;9.3;0;Buena
S00358;163.7;rojo;0;484.7;3.4;sana;30.0;11;17.4;2.7;1;7.8;0;Regular
S00359;83.8;rojo;0;474.1;3.5;sana;39.7;3;13.1;11.3;0;8.6;1;Buena
S00360;166.6;pardo;0;456.9;2.3;nuche;25.6;10;18.4;3.9;0;5.2;1;Mala
S00361;155.0;blanco;1;509.4;3.4;sana;25.8;9;15.2;4.1;0;6.9;1;Regular
S00362;62.4;rojo;0;451.7;3.5;sana;24.8;3;12.9;5.1;0;7.0;0;Buena
S00363;142.3;negro;0;504.8;3.5;sana;27.2;8;15.9;9.0;0;7.9;0;Regular
S00364;51.0;rojo;0;457.6;3.2;sana;31.5;1;12.8;2.3;0;7.7;0;Buena
S00365;86.0;negro;1;472.4;3.8;sana;31.7;4;11.9;4.8;0;8.2;0;Buena
S00366;46.9;rojo;0;420.7;3.4;sana;27.8;2;11.2;7.8;0;8.9;0;Buena
S00367;88.7;blanco;1;462.8;3.7;sana;35.8;4;13.8;1.3;0;8.6;0;Buena
S00368;128.1;blanco;0;478.2;3.3;sana;29.2;7;16.3;13.2;1;6.3;0;Regular
S00369;80.9;blanco;0;479.2;2.7;sana;38.0;4;11.5;8.3;0;6.6;0;Buena
S00370;130.2;negro;0;475.4;3.2;sana;25.0;8;14.6;1.6;0;7.2;0;Regular
S00371;126.9;blanco;0;475.6;3.5;sana;31.0;8;16.6;6.9;1;8.5;1;Regular
S00372;37.8;blanco;1;439.4;3.0;nuche;34.5;1;17.7;12.3;1;5.9;1;Regular
S00373;101.3;pardo;0;456.5;2.9;sana;30.8;6;12.5;11.6;0;7.6;1;Buena
S00374;110.4;rojo;0;413.5;2.1;enferma;25.3;6;16.6;8.6;0;5.4;1;Regular
S00375;133.1;blanco;0;444.6;2.6;sana;32.6;7;14.9;7.6;0;5.8;1;Mala
S00376;183.9;pardo;0;527.2;3.1;sana;38.8;11;14.5;2.5;0;7.6;0;Regular
S00377;132.1;rojo;1;477.5;3.5;sana;37.6;8;15.6;2.7;1;6.3;1;Mala
S00378;160.4;rojo;0;448.4;3.2;sana;36.8;9;14.9;2.3;0;7.1;0;Regular
S00379;72.6;negro;0;449.5;3.2;sana;35.7;2;12.8;5.1;0;8.9;0;Buena
S00380;118.0;rojo;0;493.2;3.0;sana;26.3;7;16.7;11.4;1;7.2;0;Regular
S00381;183.3;negro;0;481.2;2.9;sana;29.4;12;16.4;12.0;1;6.6;1;Regular
S00382;142.3;rojo;0;481.0;3.0;sana;37.3;9;17.0;3.3;1;6.0;0;Mala
S00383;137.1;pardo;0;510.0;3.5;sana;35.3;8;14.7;8.3;0;7.1;0;Regular
S00384;75.0;negro;0;473.0;3.1;sana;38.8;3;14.0;2.3;0;8.4;0;Buena
S00385;87.2;amarillo;0;464.1;3.3;sana;31.0;4;12.3;1.8;0;7.7;0;Buena
S00386;176.5;blanco;1;482.9;3.0;sana;33.1;12;14.5;13.5;0;6.5;0;Regular
S00387;175.3;negro;0;469.4;1.9;nuche;31.9;11;17.1;0.1;0;5.0;1;Regular
S00388;123.4;crema;0;458.2;3.4;sana;30.4;7;14.4;1.2;0;7.5;0;Regular
S00389;63.2;amarillo;0;464.1;3.5;sana;35.1;2;12.1;8.9;0;8.6;0;Buena
S00390;127.3;negro;1;484.6;3.6;sana;28.9;7;10.4;0.6;0;9.1;0;Excelente
S00391;160.3;blanco;0;457.9;3.1;sana;38.0;10;14.3;9.3;0;7.2;1;Regular
S00392;144.0;amarillo;1;468.1;3.6;sana;28.9;8;14.6;1.6;0;7.5;1;Regular
S00393;159.9;negro;0;457.4;2.5;enferma;34.9;9;16.3;12.9;0;5.0;1;Regular
S00394;54.6;amarillo;0;454.3;3.4;sana;32.9;1;12.8;7.8;0;8.1;0;Buena
S00395;37.0;rojo;1;424.5;2.9;sana;38.2;1;11.7;7.5;0;7.6;0;Buena
S00396;130.0;amarillo;1;475.0;3.4;sana;39.2;6;14.0;1.6;0;8.1;0;Buena
S00397;153.2;negro;1;469.1;2.6;sana;34.5;10;16.7;2.9;1;6.4;0;Regular
S00398;79.9;negro;0;479.6;3.3;sana;36.1;4;12.9;6.3;0;8.9;0;Buena
S00399;127.3;rojo;1;484.0;3.5;sana;29.2;7;14.9;5.6;0;8.0;0;Regular
S00400;173.1;amarillo;0;478.5;2.7;sana;30.2;11;12.4;1.6;0;7.3;1;Buena
S00401;167.2;negro;1;487.6;3.0;sana;38.2;9;13.9;13.5;0;7.6;0;Buena
S00402;111.3;atigrado;0;474.6;3.7;sana;28.5;6;13.2;11.8;0;8.2;0;Buena
S00403;36.8;atigrado;1;450.8;3.5;sana;36.3;1;10;4.5;0;9.0;1;Buena
S00404;148.7;cafe;1;510.9;3.9;sana;34.4;9;13.3;9.9;0;8.7;0;Buena
S00405;170.6;rojo;0;488.2;3.5;sana;31.4;10;16.4;0.5;0;7.6;0;Regular
S00406;119.5;pardo;0;459.4;3.0;sana;38.1;6;17.6;6.4;1;6.5;1;Regular
S00407;122.1;amarillo;0;479.5;3.5;sana;39.7;7;13.6;2.9;1;7.8;0;Buena
S00408;77.2;blanco;1;466.2;3.8;sana;29.5;3;13.8;7.4;0;9.3;0;Buena
S00409;181.6;pardo;0;485.0;3.0;sana;38.3;11;17.9;4.9;1;6.2;0;Regular
S00410;116.2;blanco;0;451.1;2.7;enferma;32.7;7;14.1;0.9;0;5.7;0;Regular
S00411;135.3;rojo;0;470.8;2.8;sana;29.2;8;14.2;1.9;0;6.4;1;Regular
S00412;110.6;atigrado;0;472.3;2.9;sana;29.6;6;14.5;14.1;0;6.0;0;Regular
S00413;59.6;rojo;1;445.2;3.4;sana;26.0;3;11.5;4.0;0;8.7;0;Buena
S00414;82.4;crema;0;455.5;3.2;sana;26.3;4;14.2;4.7;0;6.4;1;Regular
S00415;181.4;atigrado;0;470.9;2.6;sana;33.0;11;14.1;2.0;0;6.4;1;Regular
S00416;165.5;negro;1;474.9;2.7;sana;34.3;10;17.6;7.8;1;5.5;1;Mala
S00417;65.9;rojo;0;434.1;1.9;nuche;38.5;2;18.1;6.4;1;4.2;1;Mala
S00418;148.1;negro;0;500.3;3.7;sana;28.6;9;11.9;7.0;0;8.6;0;Buena
S00419;169.6;atigrado;1;457.4;2.4;enferma;36.1;11;17.4;12.4;0;5.4;1;Regular
S00420;94.8;negro;1;452.7;3.2;sana;37.4;4;12.9;3.9;0;6.4;1;Regular
S00421;138.6;rojo;1;442.4;2.8;nuche;34.3;9;13.1;4.7;0;7.1;1;Buena
S00422;141.6;atigrado;0;479.7;3.3;sana;35.7;9;13.0;9.0;0;8.2;0;Buena
S00423;134.0;cafe;1;468.3;3.0;sana;34.2;8;12.3;2.1;0;8.3;0;Buena
S00424;159.2;rojo;0;494.9;3.4;sana;32.6;9;17.5;16.1;1;7.6;1;Regular
S00425;164.1;pardo;0;477.2;2.5;sana;39.2;9;14.1;12.9;0;6.7;1;Regular
S00426;89.6;blanco;1;485.5;3.7;sana;39.8;3;13.7;1.6;0;9.1;0;Buena
S00427;83.3;rojo;0;439.5;2.8;sana;36.2;4;14.1;9.3;1;5.4;0;Mala
S00428;42.7;rojo;1;488.1;3.9;sana;26.0;1;12.2;10.3;0;8.1;0;Buena
S00429;60.7;negro;0;468.2;3.4;sana;33.1;3;12.5;3.5;0;7.7;0;Buena
S00430;51.2;rojo;0;452.4;3.3;sana;29.9;1;12.8;4.9;0;8.5;0;Buena
S00431;187.6;amarillo;1;487.7;3.2;sana;36.2;11;15.8;4.5;0;6.8;0;Regular
S00432;104.4;negro;0;467.9;3.5;sana;27.0;6;11.3;11.3;0;8.3;0;Buena
S00433;137.4;amarillo;1;452.5;3.4;sana;33.4;9;13.6;4.6;0;7.1;0;Buena
S00434;165.1;blanco;1;474.6;3.1;sana;33.3;11;13.2;8.0;0;8.3;1;Buena
S00435;154.3;amarillo;1;481.4;3.2;sana;34.1;10;16.7;6.4;1;6.8;0;Regular
S00436;50.8;amarillo;0;424.2;3.4;sana;36.7;2;11.0;9.5;0;7.7;1;Buena
S00437;102.3;crema;0;465.6;2.6;sana;30.0;5;13.9;6.8;1;6.4;1;Mala
S00438;52.8;blanco;0;445.0;3.4;sana;33.2;1;11.2;10.9;0;7.8;0;Buena
S00439;85.4;amarillo;1;436.6;2.6;sana;29.6;4;16.0;5.7;1;6.4;1;Mala
S00440;135.8;blanco;0;482.6;3.5;sana;28.9;8;15.7;14.2;1;8.3;0;Regular
S00441;187.8;rojo;0;500.8;3.8;sana;36.9;12;14.0;4.8;0;8.1;0;Buena
S00442;112.5;pardo;0;464.0;2.8;sana;32.6;7;16.4;1.5;1;5.6;1;Mala
S00443;46.4;pardo;0;428.5;3.0;sana;36.7;1;12.3;2.5;0;8.3;0;Buena
S00444;153.6;rojo;1;457.7;2.7;sana;37.8;8;18.7;10.0;1;5.1;1;Mala
S00445;123.2;blanco;0;494.2;3.8;sana;26.4;8;12.6;10.5;0;8.7;0;Buena
S00446;162.9;blanco;1;498.6;3.8;sana;30.5;11;16.4;7.2;1;7.5;1;Regular
S00447;57.0;rojo;0;431.0;3.2;sana;26.8;2;11.9;1.0;0;8.2;0;Excelente
S00448;98.7;rojo;0;485.5;3.5;sana;39.1;4;14.6;7.6;0;6.1;0;Regular
S00449;74.8;jaspeado;1;474.4;3.8;sana;36.9;2;11.7;4.9;0;8.8;0;Buena
S00450;103.7;rojo;0;486.0;3.6;sana;30.0;5;11.8;10.4;0;8.1;0;Buena
S00451;162.5;amarillo;0;467.5;2.8;sana;37.5;9;13.9;7.7;0;9.0;0;Buena
S00452;161.1;amarillo;0;485.3;3.1;sana;30.2;10;14.8;12.2;0;7.4;0;Regular
S00453;177.0;blanco;0;485.1;2.4;sana;30.5;12;15.1;6.2;0;5.6;0;Regular
S00454;162.3;pardo;0;483.7;2.8;sana;29.6;10;14.0;9.0;0;9.1;0;Excelente
S00455;36.5;rojo;0;412.6;2.9;sana;25.8;1;11.6;6.9;0;8.5;0;Buena
S00456;170.5;amarillo;1;490.4;3.1;sana;29.2;11;16.1;9.2;1;6.1;1;Mala
S00457;130.2;rojo;1;458.7;2.5;sana;28.2;7;15.3;2.6;1;5.5;1;Mala
S00458;155.1;crema;0;470.7;2.9;sana;27.6;10;14.1;5.4;0;7.0;1;Regular
S00459;162.9;blanco;1;491.0;3.5;sana;36.7;10;14.2;8.3;0;7.1;1;Regular
S00460;170.2;atigrado;0;481.1;3.3;sana;30.1;10;15.7;14.6;0;7.3;0;Regular
S00461;139.3;pardo;0;484.2;3.1;sana;24.1;8;15.2;13.6;0;7.1;1;Regular
S00462;111.9;rojo;0;491.6;4.3;sana;35.4;5;12.5;12.2;0;9.5;0;Buena
S00463;175.0;rojo;0;437.4;1.8;nuche;32.3;10;19.7;18.2;1;3.8;1;Mala
S00464;44.4;rojo;0;444.7;3.4;sana;31.5;1;10.7;6.0;0;8.2;0;Buena
S00465;58.8;rojo;1;471.5;3.2;sana;37.4;1;11.2;11.2;0;8.0;0;Buena
S00466;177.7;rojo;0;495.7;3.4;sana;29.3;12;14.8;1.6;0;7.4;1;Regular
S00467;145.0;negro;0;476.4;2.9;sana;34.5;8;15.9;14.4;1;6.5;0;Regular
S00468;159.4;rojo;0;493.7;3.4;sana;32.8;9;16.9;0.3;1;7.8;1;Regular
S00469;135.7;cafe;1;465.9;2.9;sana;36.8;7;15.1;1.5;0;7.1;0;Regular
S00470;95.8;rojo;0;458.4;3.3;sana;30.8;5;12.5;12.2;0;7.3;0;Buena
S00471;179.3;negro;0;519.7;4.4;sana;31.5;12;13.3;4.0;0;9.7;0;Buena
S00472;120.9;crema;0;490.1;3.1;sana;30.6;6;14.0;10.8;0;8.0;0;Buena
S00473;157.1;pardo;1;495.6;2.8;sana;35.3;9;14.3;4.9;0;6.2;1;Regular
S00474;48.0;atigrado;1;440.7;3.4;sana;30.9;2;13.1;5.3;0;7.3;0;Buena
S00475;82.6;pardo;0;463.3;3.5;sana;39.4;3;13.4;10.9;0;7.9;1;Buena
S00476;110.1;amarillo;1;454.8;2.6;sana;37.7;5;16.2;14.6;1;5.0;1;Mala
S00477;39.0;negro;1;441.5;3.8;sana;37.3;1;13.1;5.4;0;8.5;0;Buena
S00478;189.9;amarillo;0;479.0;3.0;sana;35.6;11;15.6;0.3;0;6.5;1;Regular
S00479;135.8;jaspeado;1;470.8;3.6;sana;34.3;7;14.8;6.5;0;7.4;0;Regular
S00480;177.9;pardo;0;474.4;3.8;sana;38.1;10;12.8;4.6;0;8.8;1;Buena
S00481;67.9;blanco;1;398.3;2.6;sana;26.8;4;12.4;2.9;0;6.6;0;Buena
S00482;76.2;blanco;1;486.9;3.6;sana;32.1;3;13.2;6.4;0;8.3;0;Buena
S00483;154.6;negro;0;503.0;3.1;sana;38.0;8;19.4;14.7;1;5.9;1;Mala
S00484;168.2;amarillo;0;502.8;3.6;sana;26.7;11;15.6;7.8;1;7.2;1;Regular
S00485;162.2;amarillo;1;456.3;2.6;enferma;36.3;10;15.7;4.2;0;5.3;1;Regular
S00486;73.8;blanco;0;455.2;2.6;sana;26.2;3;14.5;9.9;0;6.3;0;Regular
S00487;146.5;negro;1;458.7;3.5;sana;30.4;8;13.9;2.1;0;7.5;0;Buena
S00488;159.1;jaspeado;0;492.8;2.9;sana;38.2;9;14.2;11.7;0;6.3;1;Regular
S00489;98.2;blanco;0;471.0;2.9;sana;33.9;4;13.9;12.2;0;8.1;0;Buena
S00490;146.7;jaspeado;0;493.5;3.6;sana;27.4;9;13.0;3.1;0;6.5;0;Regular
S00491;53.0;amarillo;0;479.3;3.6;sana;29.7;2;12.4;5.6;0;8.2;0;Buena
S00492;123.1;jaspeado;0;451.3;2.6;sana;33.5;6;14.1;10.1;0;6.5;1;Regular
S00493;125.7;pardo;0;456.4;3.1;sana;35.4;6;18.4;6.8;1;6.0;1;Mala
S00494;96.8;rojo;0;458.4;3.0;sana;31.0;5;14.7;1.9;0;6.6;0;Regular
S00495;168.9;amarillo;1;482.0;3.0;sana;35.9;10;15.7;1.9;0;6.8;1;Regular
S00496;93.2;atigrado;0;473.3;3.4;sana;36.7;5;14.7;3.2;0;6.6;1;Regular
S00497;89.7;pardo;0;455.1;3.5;sana;33.1;4;11.3;8.6;0;8.2;0;Buena
S00498;105.2;pardo;0;476.7;3.7;sana;34.6;5;12.3;10.9;0;7.6;0;Buena
S00499;144.9;negro;0;482.9;3.6;sana;33.0;9;14.1;0.7;0;7.3;0;Regular
S00500;174.1;amarillo;0;464.2;2.1;sana;24.3;11;16.3;9.9;1;5.3;1;Mala
S00501;39.6;negro;0;459.5;3.5;sana;29.1;1;12.1;3.1;0;8.5;0;Buena
S00502;62.1;blanco;0;466.8;3.6;sana;24.9;2;11.5;9.5;0;8.6;0;Buena
S00503;126.2;negro;0;490.5;3.6;sana;25.8;8;12.1;2.8;0;8.0;0;Buena
S00504;140.0;rojo;0;478.0;3.0;sana;28.9;8;16.0;15.8;1;6.2;0;Regular
S00505;176.4;negro;1;498.4;3.2;sana;37.3;11;16.7;10.0;0;6.6;1;Regular
S00506;133.4;blanco;0;481.3;3.5;sana;35.8;7;13.5;7.5;0;8.9;0;Buena
S00507;183.4;rojo;0;512.6;4.1;sana;28.2;11;14.8;6.8;0;7.8;0;Regular
S00508;135.6;amarillo;0;433.6;2.0;nuche;34.8;7;15.9;12.5;0;5.2;1;Regular
S00509;164.1;blanco;0;471.4;3.7;sana;37.0;9;15.4;0.1;0;7.9;1;Regular
S00510;70.1;amarillo;0;435.8;3.3;nuche;29.7;4;13.8;6.8;0;7.8;0;Buena
S00511;144.9;rojo;1;479.1;3.4;sana;30.3;8;12.8;7.2;0;7.5;0;Buena
S00512;55.7;amarillo;1;456.3;3.9;sana;27.6;2;12.5;8.7;0;8.5;0;Buena
S00513;105.9;cafe;0;424.0;2.5;nuche;24.8;6;16.1;7.5;0;6.6;0;Regular
S00514;70.6;rojo;0;455.3;3.4;sana;24.1;4;11.7;11.4;0;8.3;0;Buena
S00515;61.3;rojo;0;448.3;3.0;sana;31.7;2;11.6;1.3;0;9.2;0;Excelente
S00516;87.4;pardo;0;454.2;3.3;sana;33.9;4;12.4;0.4;0;9.1;0;Buena
S00517;55.6;crema;0;447.8;3.1;sana;34.0;2;11.2;1.1;0;8.4;0;Excelente
S00518;137.6;amarillo;0;473.9;2.9;sana;38.1;7;15.7;5.2;0;7.1;0;Regular
S00519;46.4;careto;1;451.9;3.0;sana;34.2;1;11.7;9.3;0;8.0;0;Buena
S00520;183.8;blanco;0;477.7;2.5;nuche;36.4;12;18.9;12.8;1;5.2;1;Mala
S00521;168.2;negro;1;475.0;2.9;sana;38.5;9;14.0;8.4;0;8.4;0;Buena
S00522;130.9;negro;1;477.6;3.2;sana;36.6;8;14.1;8.8;0;8.1;0;Regular
S00523;87.1;blanco;1;452.4;2.8;sana;39.8;3;16.2;9.5;1;5.6;1;Mala
S00524;66.5;rojo;0;448.5;3.2;sana;29.4;2;14.4;0.3;0;6.6;0;Regular
S00525;53.1;crema;0;450.7;3.0;sana;37.0;1;15.7;13.8;0;7.0;0;Regular
S00526;158.4;rojo;0;490.7;3.3;sana;33.6;9;15.6;8.4;0;6.7;1;Regular
S00527;158.5;pardo;0;442.3;2.3;enferma;38.2;10;17.5;13.1;1;4.2;1;Mala
S00528;107.5;rojo;0;480.6;3.7;sana;35.5;5;11.5;0.4;0;9.7;0;Excelente
S00529;97.0;rojo;0;459.3;3.5;sana;39.0;4;13.5;4.7;0;7.9;0;Buena
S00530;101.6;negro;0;489.3;3.9;sana;29.1;5;13.2;1.1;0;8.0;0;Buena
S00531;157.0;crema;1;478.1;3.4;sana;24.6;11;15.6;4.3;1;5.2;0;Regular
S00532;151.9;blanco;0;478.2;3.6;sana;28.8;9;13.2;8.7;0;8.5;0;Buena
S00533;59.0;rojo;1;439.3;2.8;sana;31.6;2;12.2;9.7;0;8.0;0;Buena
S00534;143.5;rojo;0;462.5;3.1;sana;30.0;8;16.7;5.7;1;7.4;0;Regular
S00535;155.9;negro;0;505.3;3.1;sana;36.6;9;17.7;10.8;1;5.7;1;Regular
S00536;96.2;negro;1;465.5;3.5;sana;33.1;4;13.6;0.4;0;7.6;0;Buena
S00537;46.7;atigrado;0;454.4;3.4;sana;34.6;1;11.3;4.6;0;8.4;0;Buena
S00538;109.7;amarillo;0;419.7;2.2;nuche;26.1;7;14.8;13.9;0;5.2;0;Regular
S00539;78.4;amarillo;1;448.3;2.8;sana;30.4;3;14.5;8.4;0;6.2;0;Regular
S00540;106.3;blanco;0;496.1;4.2;sana;33.8;5;13.3;6.1;0;8.7;0;Buena
S00541;96.6;cafe;1;392.0;2.3;nuche;28.4;5;16.6;3.6;0;5.7;0;Regular
S00542;189.3;amarillo;1;473.3;2.8;sana;29.2;12;16.2;12.1;1;6.5;1;Mala
S00543;97.1;amarillo;1;452.5;2.7;nuche;29.2;5;16.4;15.6;0;6.9;0;Regular
S00544;62.3;amarillo;1;446.3;2.9;sana;32.6;2;12.4;4.4;0;7.9;0;Buena
S00545;69.3;blanco;0;461.9;3.4;sana;34.3;2;12.0;0.1;0;8.0;0;Excelente
S00546;93.7;rojo;1;466.7;3.2;sana;39.8;4;12.7;10.1;0;7.7;0;Buena
S00547;100.0;amarillo;0;473.2;3.3;sana;27.0;6;13.1;4.7;0;8.6;0;Buena
S00548;95.9;negro;1;432.7;3.4;sana;34.4;4;16.0;1.6;1;6.8;0;Regular
S00549;62.4;atigrado;0;407.7;2.3;enferma;35.1;2;14.4;12.7;0;6.7;1;Regular
S00550;87.6;blanco;0;458.4;3.4;sana;34.2;5;13.1;11.7;0;9.1;0;Buena
S00551;131.4;amarillo;0;466.8;2.9;sana;26.4;9;16.8;5.5;1;7.7;0;Regular
S00552;116.2;atigrado;0;484.5;3.8;sana;24.4;7;13.1;8.7;0;9.4;0;Buena
S00553;129.6;rojo;0;459.1;3.3;sana;24.1;8;16.4;1.5;1;5.6;0;Mala
S00554;72.4;amarillo;0;463.9;3.7;sana;35.5;3;12.4;7.9;0;9.5;0;Buena
S00555;185.8;rojo;1;496.1;2.2;sana;32.1;11;15.6;6.7;0;5.9;1;Mala
S00556;118.7;negro;1;477.3;3.4;sana;28.9;7;12.2;2.4;0;8.1;0;Buena
S00557;148.5;rojo;0;515.0;4.4;sana;30.3;9;12.8;11.3;0;9.0;0;Buena
S00558;61.0;blanco;0;441.5;3.1;sana;36.0;1;12.0;4.6;0;8.1;0;Buena
S00559;177.9;rojo;0;486.7;3.1;sana;34.7;12;14.6;8.4;0;6.7;1;Regular
S00560;50.2;blanco;0;435.4;3.3;sana;39.6;1;12.5;8.6;0;8.1;0;Buena
S00561;126.3;blanco;0;430.8;1.9;nuche;37.9;7;16.5;3.5;0;4.4;1;Regular
S00562;61.9;negro;1;440.1;3.3;sana;30.7;2;11.7;1.6;0;9.0;0;Excelente
S00563;123.3;rojo;1;463.8;2.9;sana;36.9;7;14.1;1.5;0;6.6;1;Regular
S00564;55.2;amarillo;1;472.5;4.0;sana;31.8;1;14.7;0.6;1;8.8;0;Regular
S00565;116.1;atigrado;1;461.1;3.1;sana;36.1;6;13.0;3.1;0;8.4;0;Buena
S00566;186.2;pardo;0;512.5;3.1;sana;37.9;11;15.1;8.0;0;6.7;1;Regular
S00567;105.6;blanco;0;488.8;3.3;sana;34.6;6;13.7;12.0;0;7.9;0;Buena
S00568;72.0;negro;0;445.5;3.3;sana;29.6;3;11.0;1.1;0;9.5;0;Excelente
S00569;170.0;jaspeado;0;472.3;1.8;sana;24.5;11;18.4;16.5;1;4.7;1;Mala
S00570;73.5;rojo;0;430.2;2.7;sana;25.7;3;15.9;11.4;1;4.5;1;Mala
S00571;138.5;crema;0;491.2;3.0;sana;36.7;7;12.1;4.2;0;7.3;0;Buena
S00572;136.7;careto;0;501.7;3.6;sana;27.7;9;13.9;2.6;0;8.1;0;Buena
S00573;84.3;rojo;0;483.3;3.7;sana;33.4;4;11.1;10.4;0;9.1;0;Buena
S00574;52.4;amarillo;0;461.9;3.2;sana;37.1;2;11.6;8.7;0;7.1;1;Buena
S00575;85.3;negro;0;473.8;3.7;sana;37.6;3;13.2;0.8;0;8.1;0;Buena
S00576;166.6;crema;1;483.5;2.9;sana;38.8;9;14.6;13.3;0;6.9;1;Regular
S00577;101.1;negro;0;449.7;2.9;sana;25.1;5;14.4;1.4;0;7.8;0;Regular
S00578;44.3;crema;0;441.5;3.3;sana;33.2;1;12.4;2.4;0;7.6;0;Buena
S00579;51.7;careto;0;465.8;3.5;sana;39.7;1;13.1;12.4;0;8.7;0;Buena
S00580;102.8;amarillo;0;486.4;3.3;sana;25.9;5;12.6;9.8;0;8.0;0;Buena
S00581;107.4;pardo;0;488.3;3.5;sana;31.1;6;16.6;9.7;1;7.3;0;Regular
S00582;50.6;blanco;0;425.1;3.0;enferma;35.2;2;16.0;6.5;1;5.7;0;Regular
S00583;156.7;negro;1;490.6;2.9;sana;32.6;9;14.3;1.7;0;6.1;1;Regular
S00584;104.9;rojo;1;476.5;3.3;sana;34.4;6;12.9;3.9;0;8.0;0;Buena
S00585;137.4;rojo;1;473.3;2.9;nuche;38.5;8;16.8;15.3;0;6.2;1;Regular
S00586;141.9;blanco;1;485.0;3.5;sana;26.3;8;14.7;4.1;0;6.7;0;Regular
S00587;76.1;blanco;1;454.3;3.6;sana;39.1;2;13.4;3.6;0;7.7;0;Buena
S00588;122.8;blanco;0;473.1;4.0;sana;37.1;6;11.9;3.2;0;8.5;0;Buena
S00589;86.7;amarillo;0;473.0;3.7;sana;26.3;4;15.0;14.3;0;7.2;0;Regular
S00590;170.8;blanco;0;492.5;3.3;sana;29.6;10;14.5;4.6;0;6.8;0;Regular
S00591;140.4;careto;0;428.6;1.7;nuche;30.4;8;18.2;10.3;1;5.6;1;Mala
S00592;93.0;careto;0;464.2;3.5;sana;31.3;4;12.2;6.4;0;6.9;0;Buena
S00593;133.9;amarillo;0;499.2;3.3;sana;37.5;7;16.5;4.7;1;6.7;1;Regular
S00594;182.1;blanco;0;498.0;3.4;sana;32.0;11;14.2;12.9;0;7.2;0;Buena
S00595;151.4;rojo;0;457.2;2.2;enferma;37.2;8;15.7;10.6;0;5.1;1;Regular
S00596;47.6;pardo;0;430.5;3.1;enferma;30.8;1;16.1;8.7;0;6.1;1;Regular
S00597;81.2;rojo;0;442.0;2.9;sana;27.5;4;11.3;5.2;0;7.2;0;Buena
S00598;130.8;rojo;0;484.1;3.4;sana;38.2;8;14.3;7.4;0;7.5;0;Regular
S00599;60.0;blanco;1;457.3;3.2;sana;28.8;2;12.4;10.4;0;8.5;0;Buena
S00600;91.3;pardo;1;459.8;3.3;sana;24.6;5;13.0;6.2;0;7.7;0;Buena
S00601;120.7;pardo;0;465.8;2.8;sana;36.2;6;15.3;1.7;0;6.8;1;Regular
S00602;113.0;blanco;1;476.6;3.5;sana;29.5;6;12.5;9.5;0;8.6;0;Buena
S00603;74.4;blanco;0;428.9;1.9;enferma;28.0;3;17.0;3.1;1;5.3;0;Regular
S00604;71.3;amarillo;1;421.3;2.6;enferma;38.9;2;15.4;4.7;0;5.6;1;Regular
S00605;109.8;negro;0;492.0;3.4;sana;28.3;7;11.9;0.5;0;9.4;0;Excelente
S00606;108.7;crema;1;463.2;3.4;sana;39.2;5;13.6;11.7;0;9.0;0;Buena
S00607;155.9;negro;0;508.7;3.6;sana;27.4;9;15.3;9.0;0;7.0;1;Regular
S00608;144.5;crema;1;483.3;3.7;sana;29.5;8;14.5;2.8;0;7.4;0;Regular
S00609;167.4;crema;0;479.1;2.7;nuche;31.2;10;17.7;8.9;0;6.1;1;Regular
S00610;55.9;amarillo;0;436.8;2.6;sana;35.1;1;11.6;1.9;0;7.7;0;Excelente
S00611;97.7;rojo;1;457.4;3.0;sana;27.5;5;13.2;6.9;0;8.2;0;Buena
S00612;121.0;rojo;1;475.1;3.3;sana;24.6;8;13.6;8.7;0;9.2;0;Buena
S00613;36.2;rojo;0;459.3;3.0;sana;25.3;1;11.2;3.6;0;8.2;0;Buena
S00614;69.8;atigrado;1;408.5;2.4;enferma;32.6;2;15.2;5.8;0;4.8;0;Regular
S00615;120.8;pardo;1;485.8;3.6;sana;33.3;6;14.0;5.2;0;8.2;0;Buena
S00616;64.5;pardo;1;456.7;3.0;sana;35.7;2;15.4;1.1;1;6.2;0;Mala
S00617;185.4;amarillo;0;504.0;3.2;sana;36.9;11;16.7;10.8;0;7.2;1;Regular
S00618;58.0;blanco;1;425.9;3.3;enferma;39.3;2;13.7;6.6;0;7.2;1;Buena
S00619;87.1;amarillo;1;486.3;3.6;sana;34.0;5;13.0;10.9;0;9.4;1;Buena
S00620;101.8;amarillo;0;490.1;3.2;sana;38.1;4;13.7;1.5;0;8.9;0;Buena
S00621;130.8;amarillo;0;438.7;2.5;nuche;38.3;7;17.4;11.6;1;6.9;1;Regular
S00622;52.0;crema;0;396.8;2.2;nuche;37.0;1;19.5;6.2;1;5.3;1;Mala
S00623;109.7;amarillo;0;442.9;2.9;enferma;28.5;7;15.5;6.6;0;5.6;0;Regular
S00624;87.4;pardo;0;449.3;3.3;sana;30.7;4;11.0;6.4;0;8.4;0;Buena
S00625;151.2;blanco;1;490.7;2.9;sana;39.9;9;16.1;5.6;0;5.8;0;Regular
S00626;81.4;amarillo;0;428.7;2.6;enferma;38.6;4;15.4;10.8;0;6.0;0;Regular
S00627;93.2;blanco;0;460.9;2.9;sana;37.4;4;15.4;12.5;1;6.2;1;Mala
S00628;151.2;blanco;0;492.2;3.6;sana;29.4;9;13.8;0.4;0;7.6;1;Buena
S00629;164.2;blanco;0;446.2;2.8;sana;37.3;9;14.3;13.9;0;6.5;1;Regular
S00630;68.6;blanco;1;453.4;3.0;sana;35.9;2;13.1;8.4;0;7.5;0;Buena
S00631;135.6;rojo;1;472.3;3.2;sana;33.7;7;16.3;12.3;1;6.9;1;Mala
S00632;41.0;rojo;0;473.8;3.9;sana;33.0;1;10.7;8.0;0;7.5;1;Regular
S00633;96.2;rojo;1;457.5;2.8;sana;29.3;5;11.1;5.3;0;5.7;1;Mala
S00634;141.1;amarillo;0;476.8;3.0;enferma;27.7;9;16.9;8.5;0;6.3;1;Regular
S00635;154.4;negro;1;479.6;2.3;sana;34.0;9;16.4;10.0;1;5.2;0;Mala
S00636;51.0;amarillo;0;467.0;3.4;sana;37.9;1;11.0;3.3;0;8.5;0;Buena
S00637;47.0;blanco;0;403.4;2.2;enferma;39.7;1;16.5;8.1;0;6.0;1;Regular
S00638;131.4;blanco;0;482.7;3.3;sana;34.0;7;15.4;0.7;1;7.1;0;Regular
S00639;143.8;negro;1;481.6;3.9;sana;30.0;8;14.3;5.0;0;7.9;0;Regular
S00640;52.8;rojo;1;422.6;2.7;enferma;30.4;1;15.5;3.3;0;5.7;1;Regular
S00641;119.9;cafe;1;478.6;3.4;sana;33.1;6;15.3;15.0;0;7.7;1;Regular
S00642;152.8;negro;1;470.1;2.5;sana;26.3;10;17.0;15.2;1;5.7;1;Mala
S00643;102.0;atigrado;0;430.5;2.5;sana;39.1;4;14.0;12.8;0;6.9;0;Buena
S00644;173.6;rojo;0;498.0;2.5;sana;26.3;11;14.1;0.2;0;5.6;1;Regular
S00645;84.7;pardo;0;475.0;3.0;sana;35.6;3;13.9;8.0;0;8.0;0;Buena
S00646;143.3;careto;0;470.6;3.1;sana;27.4;9;14.5;4.4;0;8.0;1;Regular
S00647;112.9;atigrado;0;483.0;4.1;sana;37.3;5;12.5;4.7;0;8.7;0;Buena
S00648;79.9;blanco;0;492.7;3.5;sana;35.2;3;13.1;1.2;0;8.4;0;Buena
S00649;151.5;blanco;0;496.8;3.0;sana;32.1;9;14.4;7.9;0;7.7;0;Regular
S00650;90.0;pardo;0;421.5;2.3;nuche;34.3;4;16.9;4.5;0;5.2;0;Regular
S00651;176.0;blanco;1;462.5;2.2;nuche;24.5;12;17.1;5.4;0;6.3;1;Regular
S00652;121.6;rojo;0;465.6;3.0;sana;24.8;7;14.2;5.7;0;7.2;1;Regular
S00653;145.3;amarillo;1;478.7;3.0;sana;30.3;8;14.4;1.3;0;6.9;0;Regular
S00654;59.6;blanco;0;416.0;2.5;enferma;33.1;3;15.6;2.9;0;5.5;1;Regular
S00655;165.4;blanco;0;493.8;3.2;sana;28.2;11;16.6;1.8;1;6.9;1;Regular
S00656;76.3;rojo;1;458.0;3.1;sana;38.6;3;12.9;8.1;0;8.5;0;Buena
S00657;133.6;negro;1;489.0;3.0;sana;38.5;7;14.2;4.9;0;6.9;1;Regular
S00658;116.3;rojo;1;485.3;3.7;sana;32.6;6;13.6;0.4;0;8.6;0;Buena
S00659;55.5;rojo;1;447.6;3.1;sana;35.3;1;12.8;11.8;0;8.3;0;Buena
S00660;146.5;atigrado;1;461.7;2.4;sana;33.4;9;16.1;4.4;1;5.7;1;Mala
S00661;66.8;rojo;0;481.0;3.8;sana;31.2;2;12.5;11.0;0;8.3;0;Buena
S00662;53.7;pardo;0;457.1;3.4;sana;27.9;2;12.4;8.9;0;9.8;0;Excelente
S00663;71.8;amarillo;0;437.9;2.9;sana;27.5;3;14.1;8.1;0;6.1;0;Regular
S00664;161.3;rojo;1;509.9;3.3;sana;24.7;11;15.0;0.3;1;7.3;1;Regular
S00665;36.7;negro;1;412.9;2.9;enferma;24.6;1;13.7;11.4;0;7.4;0;Buena
S00666;89.3;amarillo;0;471.2;3.4;sana;24.8;5;11.0;9.3;0;8.1;0;Buena
S00667;163.1;amarillo;0;435.8;1.6;nuche;35.6;10;18.9;0.1;1;4.0;1;Mala
S00668;42.6;amarillo;0;424.8;2.4;sana;35.0;1;11.0;1.3;0;8.5;0;Excelente
S00669;166.9;jaspeado;0;510.4;3.4;sana;32.3;11;13.1;6.3;0;8.7;0;Buena
S00670;90.4;pardo;1;451.1;3.2;sana;37.7;4;14.8;5.7;1;7.1;0;Regular
S00671;153.3;negro;0;442.1;2.7;nuche;35.3;9;16.9;6.5;0;6.3;1;Regular
S00672;97.6;amarillo;0;473.1;2.8;sana;39.2;4;15.4;2.9;1;6.0;1;Mala
S00673;76.9;crema;1;462.5;3.5;sana;26.4;3;13.4;8.7;0;7.6;0;Buena
S00674;98.0;blanco;0;466.5;3.3;sana;30.9;5;13.6;0.5;0;8.3;0;Buena
S00675;70.9;blanco;0;460.2;3.6;sana;25.6;3;12.3;4.3;0;9.1;0;Buena
S00676;50.5;negro;0;455.9;3.5;sana;28.9;1;12.0;10.8;0;8.3;0;Buena
S00677;87.4;rojo;1;475.9;3.1;sana;34.9;4;14.1;3.5;0;7.7;0;Regular
S00678;188.5;pardo;0;486.9;2.8;sana;26.3;13;14.1;14.0;0;7.4;1;Regular
S00679;38.1;rojo;0;450.7;2.7;nuche;36.4;1;13.5;9.8;0;7.1;0;Buena
S00680;137.5;amarillo;0;495.9;2.9;sana;35.9;7;14.1;9.0;0;6.5;0;Regular
S00681;174.5;negro;0;514.3;3.6;sana;28.2;11;13.5;4.2;0;8.5;0;Buena
S00682;130.3;negro;0;464.2;2.6;enferma;36.7;8;14.2;2.1;0;5.8;0;Regular
S00683;82.8;rojo;0;475.1;3.5;sana;24.7;5;12.9;8.5;0;8.3;0;Buena
S00684;79.6;pardo;0;465.3;3.4;sana;26.5;5;12.6;1.0;0;8.8;0;Buena
S00685;161.0;blanco;0;455.3;2.6;enferma;25.6;11;18.2;10.5;1;4.7;1;Mala
S00686;121.4;rojo;1;455.4;2.9;sana;34.1;6;14.4;6.4;0;8.1;0;Regular
S00687;108.1;negro;0;479.9;3.7;sana;24.4;6;11.5;3.5;0;9.1;0;Buena
S00688;119.7;negro;0;465.3;2.5;sana;30.3;6;16.9;0.9;1;5.7;0;Regular
S00689;51.0;rojo;0;445.2;3.1;sana;25.0;2;11.7;1.7;0;8.1;0;Excelente
S00690;140.1;pardo;0;475.1;3.0;sana;39.8;8;13.6;7.1;0;9.0;1;Excelente
S00691;113.9;rojo;0;466.9;3.2;sana;31.7;7;13.3;5.8;0;7.7;0;Buena
S00692;39.3;amarillo;0;442.1;3.4;sana;32.2;1;10.7;6.3;0;8.5;0;Buena
S00693;159.2;negro;0;465.9;3.4;sana;28.5;11;13.3;8.7;0;8.6;0;Buena
S00694;57.5;jaspeado;0;473.5;4.1;sana;26.5;2;12.6;6.5;0;9.1;0;Buena
S00695;122.7;negro;0;471.8;3.4;sana;36.6;6;15.5;14.9;0;7.0;0;Regular
S00696;114.1;blanco;1;465.4;3.3;sana;33.4;6;13.5;3.1;0;7.5;0;Buena
S00697;85.8;rojo;0;431.9;2.2;nuche;36.7;4;15.0;13.8;0;5.8;1;Regular
S00698;151.5;negro;0;465.4;3.2;sana;24.5;10;15.7;3.1;1;7.1;1;Regular
S00699;150.3;negro;0;492.0;3.5;sana;25.4;10;13.7;0.1;0;7.5;0;Buena
S00700;88.5;blanco;0;470.0;3.0;sana;32.5;5;13.0;11.7;0;6.9;0;Buena
S00701;132.3;pardo;0;478.7;3.3;sana;32.3;8;14.6;13.5;0;8.1;1;Regular
S00702;170.2;atigrado;1;463.6;3.2;sana;37.7;10;14.2;1.6;0;7.3;1;Regular
S00703;40.6;rojo;1;431.8;2.6;sana;36.2;1;11.4;10.0;0;7.7;0;Buena
S00704;175.3;blanco;0;489.1;3.1;sana;39.7;10;14.5;13.7;0;7.2;1;Regular
S00705;114.2;blanco;0;466.6;3.4;sana;37.6;5;17.9;15.4;1;6.4;0;Regular
S00706;44.0;blanco;0;433.2;2.8;sana;30.8;2;13.7;2.7;0;7.7;0;Buena
S00707;126.6;rojo;0;451.8;2.6;nuche;36.7;6;17.9;1.4;0;6.2;1;Regular
S00708;89.8;blanco;1;467.4;3.5;sana;33.7;4;13.6;6.7;0;7.7;0;Buena
S00709;69.9;blanco;0;485.5;3.9;sana;28.7;3;12.1;0.7;0;8.1;0;Buena
S00710;79.1;rojo;1;424.3;2.7;enferma;27.7;3;16.5;11.5;1;4.6;1;Mala
S00711;112.8;amarillo;1;475.5;3.1;sana;37.2;6;12.3;4.7;0;8.0;0;Buena
S00712;102.4;amarillo;0;438.3;2.7;sana;29.6;6;14.5;11.7;0;6.1;0;Regular
S00713;163.7;negro;0;479.1;3.5;sana;35.8;10;15.6;14.6;1;7.5;1;Regular
S00714;115.9;amarillo;0;438.3;2.0;sana;38.8;6;16.7;9.1;1;5.6;1;Mala
S00715;91.7;blanco;0;458.8;3.6;sana;33.7;5;12.2;5.6;0;8.6;0;Buena
S00716;110.0;pardo;1;471.5;3.5;sana;39.0;6;13.0;10.0;0;9.4;0;Buena
S00717;133.1;amarillo;0;490.2;3.0;sana;25.8;9;13.9;10.0;0;8.2;0;Buena
S00718;75.6;blanco;0;460.4;3.6;sana;35.5;3;13.5;3.2;0;8.9;0;Buena
S00719;100.1;blanco;0;471.3;3.7;sana;29.2;5;11.8;11.5;0;8.2;1;Buena
S00720;179.3;crema;1;499.1;3.4;sana;36.9;10;13.6;2.9;0;8.0;0;Buena
S00721;94.7;atigrado;1;472.0;3.2;sana;39.0;5;11.6;8.5;0;7.4;1;Buena
S00722;108.7;negro;0;486.0;4.0;sana;37.4;6;13.1;6.0;0;8.4;0;Buena
S00723;148.9;jaspeado;0;485.4;3.2;sana;32.1;8;13.4;7.6;0;7.7;0;Buena
S00724;155.6;rojo;0;473.2;3.3;sana;28.2;10;14.7;8.5;0;6.4;0;Regular
S00725;171.0;amarillo;1;496.6;3.2;sana;32.9;10;14.7;10.1;0;7.1;0;Regular
S00726;177.5;crema;0;493.8;2.4;sana;32.9;11;18.8;18.7;1;5.7;1;Mala
S00727;105.1;rojo;0;490.9;3.7;sana;28.6;5;16.5;1.4;1;7.0;0;Regular
S00728;136.0;rojo;0;491.7;3.5;sana;33.4;7;16.3;9.5;1;6.8;1;Regular
S00729;85.1;rojo;1;456.7;3.1;sana;35.8;3;11.8;1.2;0;9.1;0;Excelente
S00730;103.6;jaspeado;0;434.1;2.4;nuche;39.8;4;15.7;13.2;0;5.6;0;Regular
S00731;183.8;negro;0;479.9;2.6;sana;37.3;12;18.2;15.1;1;5.9;1;Mala
S00732;166.1;negro;0;491.4;3.4;sana;37.8;9;15.4;12.2;0;6.7;1;Regular
S00733;78.5;blanco;0;478.5;3.7;sana;35.3;3;10.6;3.4;0;7.7;0;Buena
S00734;41.5;blanco;1;452.1;3.6;sana;30.0;1;11.6;8.5;0;8.7;0;Buena
S00735;182.4;pardo;0;483.1;3.1;sana;25.1;12;17.4;10.2;1;5.6;1;Mala
S00736;63.7;rojo;1;474.0;3.5;sana;31.8;2;11.7;1.3;0;8.5;0;Excelente
S00737;185.3;rojo;0;469.7;2.6;sana;31.4;11;17.0;13.7;1;6.6;1;Regular
S00738;80.8;negro;0;477.8;3.7;sana;25.0;4;12.0;4.8;0;8.2;0;Buena
S00739;88.3;pardo;0;450.6;2.8;sana;33.2;5;10.7;3.5;0;7.5;0;Buena
S00740;159.6;amarillo;0;432.7;2.5;nuche;36.3;9;15.8;2.5;0;5.6;1;Regular
S00741;159.4;crema;0;485.2;2.9;sana;35.7;9;19.3;9.4;1;6.3;1;Mala
S00742;155.0;rojo;1;470.2;2.5;sana;36.5;9;16.7;12.1;1;4.9;1;Mala
S00743;163.9;blanco;1;497.5;3.7;sana;36.7;10;13.9;0.3;0;8.8;1;Buena
S00744;137.0;negro;0;459.7;2.9;sana;39.5;7;15.1;0.3;0;6.8;0;Regular
S00745;120.2;amarillo;1;445.2;2.4;enferma;30.4;7;14.3;11.6;0;5.7;1;Regular
S00746;169.2;negro;1;487.7;3.3;sana;33.9;10;13.8;3.5;0;8.6;1;Buena
S00747;85.5;negro;0;458.8;3.3;sana;35.0;3;12.2;3.9;0;7.4;0;Buena
S00748;188.9;amarillo;1;476.8;2.6;sana;30.0;12;17.2;0.7;1;5.8;1;Mala
S00749;111.0;blanco;0;450.6;2.9;sana;28.7;6;14.5;8.9;0;7.4;1;Regular
S00750;116.6;rojo;0;472.1;2.8;sana;32.3;7;15.1;12.9;0;7.3;0;Regular
S00751;37.5;rojo;1;427.9;2.8;sana;39.6;1;11.0;0.7;0;8.6;0;Excelente
S00752;122.1;rojo;0;440.1;2.4;nuche;28.4;7;15.0;6.0;0;6.5;0;Regular
S00753;47.9;amarillo;0;436.9;3.1;sana;28.2;2;10.1;7.8;0;7.6;0;Buena
S00754;170.2;blanco;0;479.9;2.6;sana;36.5;10;17.3;5.6;1;5.5;1;Mala
S00755;103.7;blanco;0;453.3;3.7;sana;25.9;5;12.3;6.4;0;8.2;0;Buena
S00756;183.1;cafe;0;479.7;2.6;sana;37.4;11;15.1;6.6;0;6.7;1;Regular
S00757;107.8;blanco;0;461.0;3.5;sana;33.0;5;12.9;0.1;0;8.5;1;Buena
S00758;83.8;amarillo;0;437.2;3.2;sana;38.7;3;15.4;3.9;1;5.0;0;Mala
S00759;168.9;crema;0;479.6;2.5;sana;31.8;10;14.5;0.4;0;6.2;0;Regular
S00760;170.1;amarillo;0;517.1;3.4;sana;24.9;11;17.7;10.9;1;7.4;0;Regular
S00761;84.7;blanco;0;475.3;3.6;sana;39.1;3;11.5;0.7;0;8.6;0;Excelente
S00762;48.9;negro;1;443.5;3.4;sana;32.1;2;11.7;4.1;0;8.8;0;Buena
S00763;123.2;negro;1;465.6;3.0;sana;35.7;7;15.0;3.3;0;7.1;0;Regular
S00764;74.0;pardo;0;424.9;2.4;nuche;27.1;3;19.0;6.0;1;5.2;1;Mala
S00765;63.3;rojo;0;472.5;3.1;sana;31.8;2;11.7;9.7;0;8.2;0;Buena
S00766;118.8;rojo;0;485.0;3.0;sana;37.0;6;13.2;10.5;0;8.4;0;Buena
S00767;108.0;amarillo;1;467.5;3.4;sana;27.0;7;11.9;0.4;0;8.3;0;Excelente
S00768;37.2;negro;0;428.0;2.8;sana;25.6;1;10.8;6.4;0;4.9;1;Mala
S00769;73.5;blanco;0;469.6;4.2;sana;30.4;4;12.3;1.3;0;9.1;0;Buena
S00770;127.3;amarillo;1;471.5;3.0;sana;33.5;7;14.8;9.8;0;6.7;1;Regular
S00771;158.1;amarillo;0;482.4;3.1;sana;31.4;9;17.3;7.6;1;5.7;1;Mala
S00772;155.4;amarillo;1;476.8;3.2;sana;32.8;9;15.8;14.5;1;7.4;0;Regular
S00773;97.6;rojo;0;483.4;3.8;sana;38.0;4;12.4;0.3;0;8.3;0;Buena
S00774;91.8;negro;1;461.3;3.4;sana;30.4;5;12.3;1.1;0;8.4;0;Buena
S00775;83.9;blanco;0;462.3;3.4;sana;39.3;4;12.1;4.2;0;7.3;0;Buena
S00776;160.3;amarillo;1;484.0;3.1;sana;35.0;10;13.5;5.7;0;7.6;0;Buena
S00777;175.9;negro;0;527.7;3.5;sana;37.5;10;17.8;1.4;1;7.4;0;Regular
S00778;75.7;negro;0;397.2;1.9;nuche;31.0;3;18.3;6.8;1;4.8;1;Mala
S00779;39.6;rojo;0;464.2;3.8;sana;31.1;1;12.8;5.1;0;9.2;0;Buena
S00780;58.3;negro;0;454.5;2.9;sana;31.3;2;14.0;8.0;0;7.8;1;Buena
S00781;129.8;blanco;0;475.4;3.2;sana;32.2;7;13.1;2.4;0;7.0;0;Buena
S00782;48.2;crema;0;435.4;3.0;sana;33.1;1;10.3;0.5;0;8.5;0;Excelente
S00783;78.3;blanco;1;456.9;3.4;sana;24.7;4;12.3;9.6;0;7.8;0;Buena
S00784;157.7;blanco;1;466.6;2.9;sana;35.3;10;13.7;5.8;0;7.3;0;Buena
S00785;121.9;rojo;0;469.2;3.4;sana;26.4;7;12.7;5.1;0;7.5;0;Buena
S00786;110.9;atigrado;1;464.8;3.5;sana;32.5;6;12.1;7.1;0;7.7;0;Buena
S00787;153.8;blanco;0;503.2;4.0;sana;39.8;8;12.7;5.0;0;9.0;1;Buena
S00788;169.2;blanco;0;441.7;2.0;enferma;32.8;10;20.1;13.3;1;3.7;1;Mala
S00789;113.4;negro;1;490.9;3.7;sana;36.1;6;14.4;0.0;0;6.6;0;Regular
S00790;141.2;amarillo;0;486.5;3.6;sana;30.7;9;16.3;9.3;1;7.5;0;Regular
S00791;61.6;blanco;0;416.2;3.1;enferma;24.4;2;13.8;12.6;0;7.5;1;Buena
S00792;108.7;blanco;1;481.0;3.5;sana;25.0;7;11.2;2.7;0;8.8;0;Buena
S00793;159.8;pardo;0;422.6;1.7;nuche;27.9;10;19.0;8.9;1;4.9;1;Mala
S00794;172.0;negro;0;485.7;3.0;sana;39.8;10;14.8;12.3;0;6.7;1;Regular
S00795;178.8;blanco;0;487.1;3.1;sana;25.7;11;13.0;4.8;0;7.6;1;Buena
S00796;110.3;rojo;0;458.0;3.1;sana;31.3;6;13.2;4.4;0;8.0;0;Buena
S00797;41.5;amarillo;0;456.2;3.9;sana;38.1;1;11.1;3.4;0;7.7;0;Buena
S00798;160.0;amarillo;0;483.1;3.1;sana;28.1;11;13.1;9.4;0;5.0;1;Regular
S00799;131.2;rojo;0;479.1;2.8;sana;37.6;7;14.5;7.6;0;7.9;1;Regular
S00800;181.8;rojo;0;506.5;2.9;sana;28.5;11;14.1;12.9;0;6.2;0;Regular
S00801;156.6;negro;1;509.6;3.3;sana;34.6;9;16.7;12.4;1;6.0;1;Regular
S00802;123.3;rojo;1;464.2;3.0;sana;35.0;6;13.4;8.2;0;7.7;0;Buena
S00803;163.9;amarillo;0;480.6;3.2;sana;25.0;11;12.8;10.0;0;8.8;1;Buena
S00804;53.9;amarillo;1;448.4;3.1;sana;27.4;2;10.2;9.0;0;7.5;0;Buena
S00805;130.6;negro;1;474.0;3.1;sana;33.6;7;15.1;13.1;1;7.5;0;Regular
S00806;83.6;negro;0;422.3;2.6;nuche;31.8;3;14.8;6.4;0;7.2;1;Regular
S00807;134.2;negro;1;478.5;3.8;sana;36.2;8;13.0;3.9;0;8.0;0;Buena
S00808;60.1;blanco;0;450.2;3.3;sana;33.8;3;13.3;10.4;0;9.5;0;Buena
S00809;167.9;rojo;1;471.9;3.6;sana;29.7;10;13.5;10.3;0;9.2;0;Buena
S00810;160.0;atigrado;0;490.4;3.7;sana;35.3;10;13.7;10.8;0;9.1;1;Buena
S00811;69.1;negro;0;440.3;3.0;sana;27.9;3;12.1;0.6;0;7.0;0;Buena
S00812;111.0;rojo;0;482.4;3.8;sana;25.6;6;11.6;1.6;0;8.9;0;Excelente
S00813;99.7;amarillo;1;462.4;3.1;sana;27.2;6;11.1;5.9;0;8.0;0;Buena
S00814;46.5;careto;0;439.9;3.3;sana;37.7;1;12.4;5.7;0;8.9;0;Buena
S00815;75.3;blanco;1;476.2;3.5;sana;30.6;3;13.7;7.0;0;8.3;1;Buena
S00816;113.6;pardo;0;472.7;3.0;sana;33.2;6;10.8;5.7;0;6.7;0;Buena
S00817;178.1;blanco;0;517.1;3.6;sana;36.3;10;12.9;8.4;0;8.7;0;Buena
S00818;117.3;blanco;0;463.5;2.7;sana;24.3;7;15.8;4.1;1;6.6;1;Mala
S00819;106.5;blanco;0;492.5;3.6;sana;29.7;5;14.3;2.6;0;7.6;0;Regular
S00820;156.0;negro;0;478.8;3.1;sana;29.0;10;16.1;3.5;1;6.3;1;Mala
S00821;103.7;pardo;0;475.4;3.5;sana;35.9;5;12.2;4.6;0;8.0;0;Buena
S00822;176.6;blanco;1;486.9;2.8;sana;25.9;11;14.4;14.2;0;6.2;1;Regular
S00823;53.2;negro;1;427.3;2.9;sana;30.4;1;14.1;12.0;0;9.1;1;Regular
S00824;135.1;rojo;0;464.2;2.8;enferma;28.4;8;16.4;2.1;0;6.9;0;Regular
S00825;45.4;pardo;0;468.9;4.1;sana;29.9;1;13.0;9.6;0;8.4;0;Buena
S00826;52.8;amarillo;0;490.3;4.0;sana;34.0;1;11.5;10.2;0;9.0;0;Buena
S00827;43.2;rojo;0;486.6;4.0;sana;26.5;2;13.9;6.6;0;8.6;0;Buena
S00828;56.7;blanco;0;428.3;3.1;sana;31.5;1;11.9;8.5;0;8.0;0;Buena
S00829;66.2;rojo;1;419.6;2.6;nuche;27.6;3;15.4;2.8;1;4.6;0;Mala
S00830;138.9;negro;0;451.8;2.2;nuche;36.2;8;15.4;0.5;0;5.3;1;Regular
S00831;66.5;rojo;1;460.1;3.2;sana;36.7;3;11.1;7.0;0;7.3;0;Buena
S00832;69.1;blanco;0;457.1;4.0;sana;28.5;3;11.2;9.0;0;8.8;0;Buena
S00833;138.9;rojo;0;471.7;3.3;sana;29.8;8;14.2;1.6;0;7.0;0;Regular
S00834;83.3;negro;0;448.9;2.7;sana;37.9;3;16.3;13.7;0;6.7;0;Regular
S00835;90.5;blanco;1;489.9;4.2;sana;32.4;4;13.2;4.9;0;9.1;0;Buena
S00836;131.2;pardo;0;526.6;4.3;sana;39.1;7;13.3;3.9;0;8.0;0;Buena
S00837;108.1;amarillo;0;456.0;2.9;sana;28.0;6;14.2;0.8;0;7.0;0;Regular
S00838;153.7;pardo;0;493.2;3.8;sana;36.6;9;14.7;14.2;0;8.9;1;Regular
S00839;149.9;cafe;1;473.1;3.0;sana;34.8;8;17.5;8.2;1;5.6;1;Mala
S00840;150.4;negro;1;424.9;2.2;enferma;38.6;8;20.3;9.3;1;4.1;1;Mala
S00841;158.3;blanco;1;513.4;3.9;sana;40.0;9;13.0;10.9;0;8.5;0;Buena
S00842;169.2;rojo;0;472.9;2.3;sana;28.0;10;15.9;1.6;0;5.8;1;Regular
S00843;127.0;blanco;1;473.0;3.7;sana;35.3;7;12.7;4.9;0;8.0;0;Buena
S00844;182.9;negro;1;508.8;3.6;sana;29.8;11;13.9;4.8;0;7.2;0;Buena
S00845;116.5;cafe;0;475.2;3.1;sana;36.4;6;15.8;14.5;1;6.1;0;Regular
S00846;75.0;pardo;0;428.2;2.5;enferma;28.0;3;14.6;3.1;1;4.2;1;Mala
S00847;97.8;rojo;0;469.1;2.7;sana;37.7;4;13.2;10.9;0;8.1;0;Buena
S00848;84.2;negro;1;446.3;2.7;sana;28.2;4;13.3;12.8;0;7.8;0;Buena
S00849;176.0;blanco;0;486.5;3.3;sana;32.6;11;14.5;12.7;0;7.4;0;Regular
S00850;118.1;rojo;0;481.7;3.8;sana;39.3;6;13.2;13.2;0;8.6;0;Buena
S00851;138.8;rojo;0;487.6;3.2;sana;39.7;8;13.3;12.8;0;7.4;0;Buena
S00852;121.7;atigrado;1;454.4;3.0;sana;32.3;6;14.5;11.6;0;7.7;0;Regular
S00853;92.1;crema;1;478.0;2.9;sana;25.2;5;13.3;7.7;0;8.5;0;Buena
S00854;145.1;negro;1;485.9;3.1;sana;27.6;9;15.5;4.2;0;6.4;0;Regular
S00855;127.0;amarillo;0;490.7;3.5;sana;31.2;7;12.0;4.3;0;8.1;0;Buena
S00856;174.1;amarillo;0;491.5;3.1;sana;36.2;11;13.9;4.2;0;9.0;0;Buena
S00857;98.7;blanco;0;447.9;2.7;sana;37.8;4;16.0;1.0;1;6.8;1;Regular
S00858;186.9;careto;0;489.4;3.3;sana;24.5;12;14.3;10.0;0;6.2;1;Regular
S00859;109.1;pardo;1;472.2;3.5;sana;26.8;6;13.7;4.8;0;8.1;0;Buena
S00860;50.5;rojo;0;473.7;3.2;sana;32.9;1;15.0;5.8;0;7.3;0;Regular
S00861;168.3;cafe;1;490.7;2.6;sana;26.9;11;15.5;8.9;0;5.9;0;Regular
S00862;63.3;amarillo;0;441.5;2.9;sana;24.6;2;14.1;4.1;0;7.1;0;Regular
S00863;174.6;negro;0;448.6;2.4;enferma;38.7;10;16.2;1.9;0;5.6;1;Regular
S00864;72.9;pardo;1;456.7;2.7;sana;29.7;3;13.3;11.2;0;8.0;0;Buena
S00865;85.4;negro;0;459.8;3.7;sana;30.3;4;12.2;11.5;0;8.7;0;Buena
S00866;39.7;amarillo;0;443.0;2.7;sana;28.9;1;11.8;0.5;0;8.3;0;Excelente
S00867;174.6;negro;0;522.9;4.0;sana;32.5;11;15.3;12.6;0;7.1;1;Regular
S00868;63.5;rojo;0;418.7;2.4;nuche;25.6;2;14.7;3.0;0;5.7;0;Regular
S00869;67.7;blanco;0;451.6;3.0;sana;27.8;3;15.1;5.6;0;6.7;1;Regular
S00870;73.9;blanco;0;471.5;4.1;sana;33.1;3;13.1;3.6;0;8.2;0;Buena
S00871;78.8;crema;0;449.7;3.0;sana;33.6;3;12.4;2.8;0;7.6;0;Buena
S00872;111.2;rojo;0;450.2;2.8;nuche;28.1;6;14.6;8.3;0;6.3;0;Regular
S00873;172.1;cafe;0;494.5;3.3;sana;26.0;11;14.8;2.7;0;6.1;1;Regular
S00874;130.8;negro;1;495.4;3.6;sana;24.7;8;13.6;7.7;0;8.2;0;Buena
S00875;178.0;rojo;1;470.2;3.2;sana;30.3;12;14.7;9.7;0;7.5;1;Regular
S00876;73.8;negro;0;471.2;3.4;sana;39.4;3;11.4;1.9;0;8.8;0;Excelente
S00877;52.0;rojo;0;448.3;3.9;sana;37.0;1;12.4;0.9;0;7.5;0;Buena
S00878;135.3;rojo;0;510.5;4.3;sana;36.0;7;12.3;11.3;0;9.6;0;Buena
S00879;58.2;blanco;1;418.9;2.6;enferma;40.0;1;16.7;7.7;0;5.2;1;Regular
S00880;97.9;pardo;0;423.2;2.7;nuche;30.7;5;14.4;4.7;0;6.6;1;Regular
S00881;69.4;rojo;1;428.0;2.6;nuche;34.5;2;13.4;8.6;0;7.2;1;Buena
S00882;136.4;rojo;0;485.8;3.3;sana;34.0;8;13.1;6.8;0;8.7;0;Buena
S00883;95.4;blanco;1;468.1;3.2;sana;33.0;5;12.9;6.0;0;7.7;0;Buena
S00884;84.7;crema;0;470.7;3.4;sana;38.0;3;13.1;0.7;0;7.7;0;Buena
S00885;67.3;amarillo;1;461.9;3.0;sana;29.8;2;13.1;3.8;0;8.3;0;Buena
S00886;59.4;rojo;0;449.9;3.3;sana;26.5;2;13.7;13.4;0;7.8;0;Buena
S00887;152.4;amarillo;0;491.2;2.4;sana;26.7;10;14.6;2.7;0;5.4;0;Regular
S00888;123.3;jaspeado;0;432.6;2.7;nuche;25.1;8;14.9;11.8;0;4.7;1;Regular
S00889;145.6;cafe;1;485.2;3.5;sana;36.8;9;13.2;2.5;0;9.0;0;Buena
S00890;111.4;crema;1;484.9;3.3;sana;28.9;6;14.8;6.8;0;7.5;1;Regular
S00891;186.7;blanco;0;505.7;3.3;sana;30.1;12;16.0;5.4;0;6.1;0;Regular
S00892;98.7;rojo;0;448.0;2.7;sana;32.8;5;14.9;9.9;0;7.3;1;Regular
S00893;160.9;pardo;1;457.1;2.5;sana;30.0;11;14.0;10.3;0;9.4;1;Excelente
S00894;125.7;atigrado;0;488.5;3.5;sana;29.3;7;14.0;13.0;0;9.1;0;Buena
S00895;102.7;blanco;1;440.6;2.9;sana;30.2;5;13.8;9.7;0;7.9;0;Buena
S00896;168.6;negro;0;500.4;3.3;sana;39.6;10;13.9;10.6;0;9.1;0;Buena
S00897;71.1;rojo;0;480.4;3.7;sana;30.6;3;12.3;0.1;0;7.9;0;Buena
S00898;60.8;amarillo;0;407.7;2.1;nuche;25.0;2;13.7;13.4;0;5.9;0;Buena
S00899;176.8;blanco;0;447.3;2.7;enferma;33.1;11;18.3;9.0;1;4.8;1;Mala
S00900;62.3;blanco;0;436.3;3.2;nuche;29.2;2;13.1;2.0;0;6.8;0;Buena
S00901;170.5;careto;0;446.9;1.9;nuche;26.4;11;17.4;16.5;0;5.4;1;Regular
S00902;77.7;rojo;0;479.1;3.8;sana;37.3;3;13.2;5.7;0;8.0;0;Buena
S00903;90.4;amarillo;0;459.0;3.4;sana;33.7;5;11.8;11.3;0;7.8;0;Buena
S00904;131.2;blanco;0;476.7;3.5;sana;29.5;7;14.7;0.3;0;7.7;0;Regular
S00905;142.0;crema;0;515.9;3.9;sana;38.4;7;13.3;12.0;0;8.4;0;Buena
S00906;176.4;blanco;0;505.5;4.1;sana;28.0;11;13.6;2.0;0;9.5;0;Buena
S00907;174.7;cafe;0;489.5;3.1;sana;30.2;12;13.7;6.5;0;7.9;0;Buena
S00908;131.6;negro;0;453.5;3.2;enferma;31.8;7;16.7;15.4;0;6.2;1;Regular
S00909;172.3;negro;0;487.3;3.4;sana;30.0;10;14.4;0.4;0;6.8;1;Regular
S00910;155.5;atigrado;0;477.0;3.0;sana;26.5;9;15.2;9.2;0;7.7;1;Regular
S00911;38.6;amarillo;0;435.1;3.5;sana;26.3;1;12.6;2.2;0;7.6;0;Buena
S00912;85.9;blanco;1;461.5;3.3;sana;35.6;3;13.6;2.2;0;7.8;0;Buena
S00913;91.0;amarillo;0;457.5;2.9;sana;30.4;5;12.9;1.2;0;8.1;0;Buena
S00914;169.8;rojo;1;500.5;3.4;sana;24.4;11;13.8;13.1;0;8.1;0;Buena
S00915;95.7;blanco;0;472.3;3.5;sana;28.6;6;12.1;0.4;0;8.9;0;Buena
S00916;48.4;jaspeado;0;440.0;2.4;sana;30.4;2;13.2;5.1;1;4.6;1;Mala
S00917;66.1;crema;0;438.2;2.7;sana;31.2;2;11.7;1.3;0;8.6;0;Excelente
S00918;67.7;blanco;0;485.1;3.8;sana;35.0;3;11.8;2.7;0;7.8;0;Buena
S00919;39.7;amarillo;0;424.9;3.7;nuche;27.3;1;12.6;2.1;0;7.9;0;Buena
S00920;188.0;pardo;1;469.4;2.5;sana;38.2;11;16.5;5.0;0;7.0;1;Regular
S00921;44.2;rojo;1;450.3;3.5;sana;38.0;1;13.5;4.1;0;9.6;0;Buena
S00922;159.3;rojo;0;501.4;3.4;sana;34.9;10;13.8;3.2;0;7.6;0;Buena
S00923;77.6;blanco;0;479.7;3.5;sana;26.5;4;13.4;5.5;0;8.1;1;Buena
S00924;45.7;blanco;0;438.7;3.5;sana;31.7;1;14.2;0.0;1;5.5;0;Mala
S00925;103.0;cafe;0;455.8;3.0;sana;37.6;6;11.8;1.9;0;8.2;0;Excelente
S00926;58.4;blanco;0;457.5;4.0;sana;30.4;2;11.6;5.7;0;8.6;0;Buena
S00927;128.7;jaspeado;0;470.6;3.5;sana;31.5;7;13.8;11.9;0;7.7;0;Buena
S00928;164.1;amarillo;0;495.5;3.3;sana;37.1;10;15.1;7.6;0;7.2;1;Regular
S00929;179.9;blanco;1;465.7;2.5;sana;35.4;11;17.0;11.2;1;6.9;0;Regular
S00930;141.9;atigrado;1;442.4;2.7;sana;26.5;8;13.4;10.7;0;7.6;0;Buena
S00931;83.2;blanco;0;462.0;3.4;sana;34.2;3;13.8;11.4;0;8.0;0;Buena
S00932;54.3;cafe;0;449.7;3.9;sana;33.6;1;11.9;7.6;0;8.1;0;Buena
S00933;113.0;rojo;1;463.3;3.6;sana;36.8;5;12.5;11.9;0;6.6;0;Buena
S00934;184.3;blanco;1;486.4;3.3;sana;25.5;13;13.7;4.6;0;7.7;0;Buena
S00935;121.1;blanco;0;479.0;3.3;sana;25.5;7;13.1;0.9;0;8.5;0;Buena
S00936;159.4;negro;0;469.6;3.0;sana;25.9;10;14.7;6.3;1;4.5;1;Mala
S00937;110.3;rojo;0;458.8;3.6;sana;34.5;6;12.9;7.5;0;8.4;0;Buena
S00938;182.0;amarillo;1;475.1;2.8;sana;39.7;10;15.9;14.3;1;6.4;1;Mala
S00939;41.2;negro;0;453.1;3.5;sana;25.4;1;10.5;9.7;0;8.4;0;Buena
S00940;64.8;rojo;0;447.3;2.8;sana;32.9;2;11.7;0.5;0;9.0;0;Excelente
S00941;96.2;rojo;0;473.4;4.0;sana;32.4;5;12.2;3.0;0;8.8;0;Buena
S00942;109.7;rojo;1;451.4;2.2;sana;34.0;5;15.1;7.2;1;5.3;1;Mala
S00943;132.5;rojo;0;446.9;2.6;nuche;37.2;7;17.1;3.3;0;5.4;1;Regular
S00944;164.8;rojo;0;474.5;2.8;sana;39.2;9;15.6;8.1;0;6.7;0;Regular
S00945;100.3;negro;0;489.4;3.9;sana;36.4;5;12.7;4.3;0;7.9;0;Buena
S00946;167.7;negro;0;475.1;3.0;sana;37.4;10;13.8;1.9;0;8.6;0;Buena
S00947;118.0;blanco;1;505.3;4.2;sana;38.9;6;13.8;3.3;0;10.4;0;Buena
S00948;87.6;blanco;1;444.8;2.8;sana;34.7;5;12.8;2.4;0;6.7;0;Buena
S00949;67.5;negro;0;456.1;3.1;sana;35.6;3;11.0;9.8;0;7.3;0;Buena
S00950;146.4;crema;0;479.0;3.1;sana;28.1;10;15.0;12.2;1;6.8;0;Mala
S00951;120.8;pardo;0;481.0;3.4;sana;28.3;7;12.8;4.0;0;8.4;0;Buena
S00952;189.1;amarillo;1;504.2;2.4;sana;32.6;13;16.8;1.0;1;6.5;1;Mala
S00953;79.8;rojo;1;479.7;3.5;sana;36.0;3;12.8;9.8;0;9.6;0;Buena
S00954;119.4;amarillo;1;454.8;3.3;sana;33.8;6;14.1;3.4;0;6.4;0;Regular
S00955;79.0;amarillo;0;492.6;4.1;sana;37.8;3;13.0;5.8;0;9.8;0;Buena
S00956;151.6;amarillo;0;475.9;3.2;sana;34.8;8;14.3;5.5;0;7.2;1;Regular
S00957;47.9;pardo;0;484.5;3.9;sana;30.5;2;11.4;4.3;0;7.5;0;Buena
S00958;122.7;blanco;1;463.1;3.2;sana;24.4;7;14.4;6.1;0;7.3;1;Regular
S00959;176.4;rojo;1;494.7;3.2;sana;33.4;11;14.5;0.7;0;8.0;1;Regular
S00960;130.8;negro;1;496.2;3.1;sana;28.1;8;14.1;2.3;1;6.6;1;Mala
S00961;124.2;careto;0;470.6;2.9;nuche;35.9;7;15.3;9.2;0;7.6;0;Buena
S00962;156.6;negro;0;493.1;3.7;sana;29.9;10;14.5;2.5;0;8.6;1;Regular
S00963;173.8;rojo;1;501.9;3.9;sana;37.5;11;13.1;6.0;0;7.7;1;Buena
S00964;129.3;amarillo;0;454.3;3.0;sana;28.6;7;13.7;12.2;0;8.0;0;Buena
S00965;157.1;negro;0;477.6;2.7;sana;28.0;9;17.2;17.1;1;5.5;1;Mala
S00966;94.9;rojo;1;472.8;3.0;sana;36.0;5;12.7;9.6;0;8.6;0;Buena
S00967;57.9;crema;0;469.9;3.6;sana;30.4;2;12.2;3.0;0;9.0;0;Buena
S00968;93.6;rojo;0;428.7;2.2;nuche;38.0;5;15.6;15.3;0;5.4;1;Regular
S00969;83.8;negro;1;442.5;2.8;sana;35.9;3;14.2;4.7;1;5.5;1;Mala
S00970;92.7;pardo;0;432.8;2.2;nuche;36.1;4;14.8;7.5;0;5.6;0;Regular
S00971;86.8;blanco;0;467.2;3.2;sana;26.3;4;12.1;0.5;0;8.0;0;Buena
S00972;65.8;pardo;0;459.8;3.4;sana;33.1;2;13.1;9.5;0;7.7;0;Buena
S00973;61.5;blanco;1;438.3;3.7;sana;37.0;1;11.9;6.9;0;8.0;0;Buena
S00974;133.3;rojo;1;462.0;3.0;sana;35.5;7;12.1;0.3;0;7.9;0;Buena
S00975;112.8;blanco;0;459.9;2.4;enferma;28.8;6;18.7;4.7;1;4.1;1;Mala
S00976;113.9;rojo;0;477.3;3.0;sana;28.8;7;14.3;13.2;0;7.1;0;Regular
S00977;99.8;atigrado;0;466.2;3.2;sana;28.9;5;13.9;6.0;0;8.4;0;Buena
S00978;87.8;blanco;0;477.1;3.7;sana;25.6;5;13.0;12.1;0;7.5;0;Buena
S00979;43.9;negro;1;432.7;2.7;sana;37.5;1;11.3;1.9;0;8.7;0;Excelente
S00980;48.7;amarillo;1;438.5;2.8;nuche;36.6;1;13.6;11.4;0;7.4;1;Buena
S00981;107.2;pardo;1;465.9;3.7;sana;32.2;5;13.1;2.1;0;8.5;0;Buena
S00982;83.2;blanco;0;463.6;3.2;sana;38.9;3;12.6;8.9;0;8.0;0;Buena
S00983;58.7;atigrado;1;455.3;3.8;sana;28.5;2;12.2;11.3;0;7.7;0;Buena
S00984;82.6;blanco;0;468.8;3.4;sana;29.8;4;14.4;5.6;0;6.6;0;Regular
S00985;156.7;pardo;0;485.7;3.0;sana;35.9;9;15.8;2.9;0;6.6;1;Regular
S00986;50.4;jaspeado;0;463.8;3.4;sana;26.2;1;12.0;0.5;0;9.1;0;Excelente
S00987;130.7;rojo;1;445.0;2.5;sana;39.5;8;15.1;5.9;1;6.3;0;Regular
S00988;66.3;blanco;0;431.7;3.4;sana;39.4;2;13.6;0.2;0;7.3;0;Buena
S00989;163.8;negro;0;471.2;2.8;nuche;33.2;10;16.7;14.2;0;5.3;1;Regular
S00990;96.8;amarillo;1;466.3;3.2;sana;37.1;5;15.8;14.2;1;7.0;0;Regular
S00991;148.8;blanco;0;495.3;3.3;sana;34.6;8;13.0;11.1;0;7.8;0;Buena
S00992;63.3;blanco;1;465.5;3.9;sana;29.3;3;13.8;2.3;0;9.1;0;Buena
S00993;101.7;blanco;0;495.6;3.3;sana;28.6;5;12.8;1.6;0;7.5;0;Buena
S00994;154.6;blanco;1;459.9;2.8;sana;36.2;9;14.8;7.1;0;6.0;1;Regular
S00995;50.2;rojo;0;443.5;2.8;sana;28.0;2;12.3;0.8;0;7.9;0;Buena
S00996;118.4;negro;0;491.1;3.7;sana;24.5;7;11.5;4.6;0;9.2;0;Buena
S00997;126.3;blanco;0;479.4;3.3;sana;37.4;6;12.9;4.8;0;8.0;0;Buena
S00998;123.9;amarillo;0;475.4;3.2;sana;29.4;7;15.6;8.1;1;5.4;1;Mala
S00999;121.3;negro;0;508.3;3.8;sana;37.0;6;13.7;0.5;0;9.4;0;Buena
S01000;189.8;blanco;0;464.1;2.5;enferma;28.5;12;18.0;13.3;0;5.9;1;Regular
S01001;64.5;amarillo;1;441.1;3.3;sana;33.6;3;13.7;1.7;0;7.7;0;Buena
S01002;43.6;rojo;0;440.4;3.1;sana;38.6;1;13.6;12.3;0;7.7;0;Buena
S01003;179.3;rojo;0;499.8;3.3;sana;29.3;11;19.2;0.8;1;5.7;1;Mala
S01004;60.5;cafe;0;450.7;3.2;sana;29.3;3;11.7;5.5;0;7.7;0;Buena
S01005;162.6;blanco;1;457.0;2.5;sana;34.9;9;14.3;3.4;0;6.8;1;Regular
S01006;163.1;rojo;1;454.2;2.1;enferma;30.6;10;17.6;10.7;1;5.5;1;Regular
S01007;151.0;blanco;0;494.1;3.2;sana;33.3;9;13.8;0.6;0;8.2;0;Buena
S01008;78.6;amarillo;1;477.1;3.7;sana;25.8;4;11.7;7.6;0;8.8;0;Buena
S01009;94.3;negro;1;469.2;3.9;sana;37.7;5;13.3;3.2;0;8.6;1;Buena
S01010;36.5;negro;1;426.4;3.2;nuche;25.0;1;12.1;3.4;0;7.4;0;Buena
S01011;117.6;blanco;0;480.0;3.5;sana;31.2;6;12.5;2.8;0;8.2;0;Buena
S01012;110.8;rojo;0;477.5;3.3;sana;38.9;6;11.6;7.6;0;7.1;1;Buena
S01013;123.3;jaspeado;1;479.3;3.2;sana;37.0;6;12.5;6.6;0;8.6;0;Buena
S01014;59.0;amarillo;0;463.3;3.9;sana;30.7;2;12.8;5.4;0;8.2;0;Buena
S01015;97.9;pardo;0;471.9;3.5;sana;25.5;5;12.9;6.1;0;8.8;0;Buena
S01016;183.5;amarillo;1;476.4;3.2;sana;26.2;12;15.8;15.6;1;6.8;1;Regular
S01017;69.0;rojo;1;455.1;3.2;sana;33.4;3;11.3;3.9;0;8.3;0;Buena
S01018;157.8;negro;0;468.4;2.3;sana;24.7;10;13.0;10.6;0;6.0;1;Mala
S01019;49.7;negro;0;436.2;3.4;sana;30.8;1;10.6;10.4;0;8.7;0;Excelente
S01020;162.6;rojo;1;486.6;3.3;sana;37.2;10;15.1;0.5;0;6.2;1;Regular
S01021;152.5;blanco;0;472.7;2.9;sana;35.0;9;16.2;13.7;1;6.0;1;Mala
S01022;47.3;rojo;0;460.2;3.1;sana;26.7;1;12.9;7.6;0;7.7;0;Buena
S01023;105.8;pardo;0;484.4;3.1;sana;27.4;6;13.5;8.2;0;7.4;0;Buena
S01024;66.2;rojo;0;469.8;3.5;sana;25.5;3;12.3;6.6;0;7.6;0;Buena
S01025;136.0;blanco;0;497.9;3.5;sana;26.9;8;13.6;7.4;0;8.6;0;Buena
S01026;116.9;amarillo;1;477.1;3.2;sana;37.2;7;13.3;9.3;0;8.2;0;Buena
S01027;101.0;blanco;1;459.3;3.3;sana;31.4;5;12.9;10.0;0;7.9;0;Excelente
S01028;48.9;amarillo;0;459.0;3.0;sana;25.3;1;12.4;8.0;0;8.1;0;Buena
S01029;40.0;amarillo;0;429.5;3.1;sana;25.8;1;11.6;9.4;0;7.4;0;Buena
S01030;111.6;crema;1;486.3;3.8;sana;36.2;5;13.1;6.1;0;8.6;0;Buena
S01031;172.4;rojo;0;495.6;2.9;sana;35.6;11;16.5;8.4;1;5.9;1;Mala
S01032;83.8;rojo;0;455.4;3.5;sana;32.8;4;12.0;7.4;0;8.4;0;Buena
S01033;154.9;careto;0;487.6;2.4;sana;32.4;10;17.1;9.0;1;5.5;0;Regular
S01034;76.3;blanco;0;458.6;3.6;sana;32.8;3;12.6;2.4;0;7.9;0;Buena
S01035;139.6;amarillo;0;491.7;3.1;sana;35.6;8;13.4;0.3;0;7.2;0;Buena
S01036;147.2;pardo;0;498.0;3.2;sana;39.4;9;14.7;9.3;0;8.3;0;Regular
S01037;80.8;pardo;1;460.9;3.6;sana;35.5;3;13.1;9.6;0;7.8;0;Buena
S01038;158.0;pardo;0;457.8;2.4;enferma;32.5;9;19.4;10.1;1;4.4;1;Mala
S01039;56.7;blanco;0;476.6;3.4;sana;29.4;3;12.5;2.7;0;7.9;0;Buena
S01040;117.0;blanco;0;480.2;3.4;sana;35.7;6;14.8;6.9;0;7.0;1;Regular
S01041;186.2;rojo;1;497.8;3.1;sana;31.9;12;14.8;0.5;0;7.1;0;Regular
S01042;153.2;negro;0;449.6;2.0;enferma;25.5;9;16.7;0.1;0;5.2;1;Regular
S01043;160.8;blanco;0;467.3;3.2;sana;32.8;9;16.0;10.2;0;7.1;0;Regular
S01044;127.8;atigrado;0;423.0;2.3;nuche;38.1;6;15.7;1.2;0;5.0;0;Regular
S01045;134.5;negro;1;480.3;3.2;sana;27.7;8;14.1;2.7;0;6.8;1;Regular
S01046;128.7;amarillo;1;449.9;3.3;sana;29.4;8;14.8;1.9;0;6.8;1;Regular
S01047;92.5;amarillo;0;437.6;3.0;sana;39.0;4;13.0;9.7;0;8.3;0;Buena
S01048;181.4;pardo;1;478.1;2.0;nuche;29.8;11;17.8;12.2;0;6.0;1;Regular
S01049;182.7;blanco;1;502.4;3.5;sana;24.8;12;13.9;6.7;0;7.4;1;Buena
S01050;68.5;negro;1;454.7;3.4;sana;24.6;4;13.0;2.5;0;8.8;0;Buena
S01051;120.7;jaspeado;1;471.9;3.3;sana;27.7;7;14.6;10.1;0;7.1;0;Regular
S01052;122.9;blanco;0;466.7;3.1;sana;26.9;8;14.3;10.8;0;6.2;0;Regular
S01053;154.1;negro;0;457.9;3.1;sana;28.7;9;12.8;12.6;0;8.2;1;Buena
S01054;118.4;rojo;0;439.6;2.3;enferma;28.0;6;19.7;19.2;1;5.1;1;Mala
S01055;64.5;careto;0;464.3;3.1;sana;26.3;2;10.2;7.1;0;7.8;0;Buena
S01056;54.1;blanco;0;441.5;3.2;sana;31.1;1;13.8;3.0;0;7.3;0;Buena
S01057;73.6;cafe;1;417.5;1.9;nuche;36.1;2;16.3;14.5;0;5.5;0;Regular
S01058;129.9;rojo;0;465.0;3.1;sana;26.4;7;13.2;10.3;0;8.3;0;Buena
S01059;47.2;pardo;1;475.6;3.6;sana;30.8;1;12.4;7.1;0;8.2;0;Buena
S01060;65.6;rojo;0;455.8;3.3;sana;36.7;2;12.3;5.9;0;8.1;0;Buena
S01061;102.9;rojo;0;454.7;3.4;sana;24.9;6;12.4;10.1;0;9.5;0;Buena
S01062;43.4;amarillo;0;455.1;3.2;sana;28.5;2;11.9;9.2;0;7.4;0;Buena
S01063;182.2;blanco;0;504.4;2.6;sana;29.9;11;18.2;1.1;1;5.2;1;Mala
S01064;153.5;rojo;1;495.3;3.4;sana;24.3;9;12.7;4.9;0;8.3;0;Buena
S01065;128.7;blanco;1;463.6;3.0;sana;32.4;7;16.5;15.7;1;6.9;1;Mala
S01066;89.1;atigrado;1;469.7;3.3;sana;25.3;5;12.9;7.8;0;8.1;0;Buena
S01067;72.6;negro;0;461.9;3.6;sana;31.9;3;12.9;8.6;0;8.8;1;Buena
S01068;184.0;pardo;0;499.5;3.3;sana;30.3;11;15.5;3.7;0;7.6;1;Regular
S01069;108.4;amarillo;1;452.7;3.5;sana;36.7;5;13.5;1.2;0;8.3;0;Buena
S01070;64.1;blanco;1;412.6;2.0;nuche;30.7;2;15.6;6.8;0;4.2;1;Regular
S01071;162.7;rojo;1;481.9;3.8;sana;32.7;10;13.4;9.9;0;8.6;0;Buena
S01072;134.0;rojo;0;483.1;3.4;sana;31.7;8;11.4;9.2;0;8.1;0;Buena
S01073;93.9;amarillo;0;474.6;3.6;sana;27.6;5;13.6;5.0;0;7.6;0;Buena
S01074;52.2;rojo;0;454.0;3.4;sana;32.4;1;12.8;12.4;0;6.7;0;Buena
S01075;118.3;blanco;1;482.8;3.3;sana;32.7;6;14.0;11.9;0;6.7;0;Buena
S01076;71.4;pardo;0;443.6;3.2;sana;35.5;3;11.9;10.1;0;7.5;0;Buena
S01077;48.9;rojo;0;430.2;3.0;sana;39.4;1;14.4;7.8;1;7.1;0;Regular
S01078;185.7;rojo;0;467.2;2.6;sana;30.1;12;14.2;8.7;0;6.6;0;Regular
S01079;124.5;negro;0;489.9;4.2;sana;37.4;7;14.5;9.3;0;8.6;0;Regular
S01080;64.7;blanco;1;471.1;4.3;sana;28.3;3;10;6.2;0;8.3;1;Buena
S01081;55.2;rojo;0;438.6;3.3;sana;29.5;1;13.3;2.6;0;8.9;0;Buena
S01082;134.3;blanco;1;489.1;2.6;sana;33.2;8;14.9;14.3;0;5.9;0;Regular
S01083;61.3;amarillo;0;443.2;3.3;sana;32.5;2;10.1;1.7;0;8.7;0;Excelente
S01084;169.7;rojo;0;507.5;3.4;sana;29.9;11;12.8;4.7;0;8.0;1;Buena
S01085;95.5;pardo;0;486.5;3.4;sana;36.1;4;13.2;8.2;0;7.3;0;Buena
S01086;47.5;pardo;0;443.5;3.4;sana;26.6;2;11.2;1.0;0;9.5;0;Excelente
S01087;81.2;amarillo;0;489.6;3.8;sana;27.5;5;12.3;11.7;0;9.1;0;Buena
S01088;84.9;amarillo;0;448.1;3.1;enferma;26.4;4;14.7;11.4;0;6.9;1;Regular
S01089;189.6;blanco;0;477.6;3.2;sana;33.7;11;16.0;8.2;0;6.7;1;Regular
S01090;173.1;crema;0;444.6;2.2;nuche;36.4;10;17.9;13.5;0;5.5;0;Regular
S01091;57.3;blanco;0;418.8;2.2;enferma;38.3;2;14.4;12.5;0;4.5;1;Regular
S01092;113.3;rojo;0;475.9;3.3;sana;25.3;6;15.6;0.7;0;8.4;0;Excelente
S01093;135.7;rojo;0;460.8;2.5;sana;38.0;7;14.6;0.1;0;6.6;1;Regular
S01094;133.5;negro;1;464.7;3.7;sana;28.9;8;12.5;6.1;0;8.4;0;Buena
S01095;70.2;negro;0;465.1;3.4;sana;39.2;2;13.7;10.1;0;8.7;0;Buena
S01096;183.6;negro;0;497.6;3.3;sana;32.7;11;14.9;2.1;0;7.1;1;Regular
S01097;50.3;rojo;1;428.1;3.0;sana;27.9;2;11.5;8.8;0;8.3;0;Buena
S01098;63.2;rojo;0;467.8;3.6;sana;28.2;2;12.3;7.0;0;8.4;0;Buena
S01099;161.8;pardo;0;488.6;3.0;sana;34.5;10;18.6;12.0;1;6.6;1;Mala
S01100;104.2;blanco;1;478.3;3.4;sana;33.3;6;13.4;12.8;0;7.9;0;Buena
S01101;62.4;amarillo;0;434.2;3.3;sana;37.7;2;11.8;3.8;0;9.2;0;Buena
S01102;167.8;negro;0;456.1;2.7;nuche;28.3;11;14.8;2.4;0;6.3;1;Regular
S01103;87.2;pardo;0;405.7;1.9;enferma;32.0;4;18.8;0.1;1;4.1;1;Mala
S01104;87.0;blanco;0;465.7;2.8;sana;38.6;3;12.7;12.1;0;7.4;0;Buena
S01105;40.3;blanco;0;452.1;3.5;sana;29.8;1;12.2;0.5;0;7.6;0;Buena
S01106;141.6;negro;0;435.4;1.8;nuche;31.0;8;15.9;5.7;0;6.0;0;Regular
S01107;159.0;crema;0;499.9;3.7;sana;24.6;11;13.6;7.8;0;7.9;0;Buena
S01108;89.4;pardo;0;413.6;1.7;nuche;33.1;4;18.1;17.0;1;3.3;1;Mala
S01109;66.6;rojo;0;430.7;2.9;sana;24.9;3;10;6.9;0;7.7;0;Buena
S01110;97.3;blanco;0;482.1;3.3;sana;26.5;5;13.9;1.9;0;8.8;0;Buena
S01111;53.9;rojo;1;425.7;2.8;nuche;24.7;2;17.5;7.7;1;7.5;0;Regular
S01112;69.0;rojo;1;462.6;3.0;sana;27.3;4;11.0;5.7;0;8.6;0;Buena
S01113;49.9;amarillo;0;448.5;3.3;sana;32.4;1;11.3;6.7;0;8.1;0;Buena
S01114;65.8;pardo;0;447.8;3.4;sana;30.1;2;12.5;8.9;0;7.9;0;Buena
S01115;125.9;pardo;0;470.6;3.0;sana;31.3;8;14.3;5.5;0;6.6;0;Regular
S01116;75.9;amarillo;0;471.9;3.5;sana;26.3;3;16.2;4.5;1;8.1;0;Regular
S01117;147.1;amarillo;0;488.6;3.2;sana;30.6;9;11.4;3.6;0;7.9;0;Buena
S01118;133.3;amarillo;0;447.8;3.1;nuche;24.5;9;16.6;12.8;1;6.6;0;Regular
S01119;131.9;rojo;0;479.3;3.1;sana;29.6;8;14.1;1.9;0;6.4;1;Regular
S01120;42.8;amarillo;1;436.3;3.0;sana;26.0;2;11.3;5.1;0;9.2;0;Buena
S01121;101.3;amarillo;1;460.6;2.4;sana;35.6;5;14.0;0.9;1;5.8;1;Mala
S01122;51.7;amarillo;0;439.3;3.0;sana;39.5;1;14.6;2.9;0;7.1;1;Regular
S01123;38.7;negro;0;419.3;3.2;sana;34.8;1;10.6;5.9;0;10.1;0;Buena
S01124;155.7;blanco;1;486.5;2.9;sana;39.0;8;15.4;5.4;0;7.0;1;Regular
S01125;167.5;amarillo;1;478.1;3.3;sana;30.6;11;13.8;1.6;0;8.3;0;Buena
S01126;176.7;amarillo;0;476.1;2.7;sana;27.8;11;15.0;10.6;0;5.9;1;Regular
S01127;138.8;blanco;0;475.4;2.9;sana;28.1;8;15.1;13.8;1;6.1;0;Regular
S01128;70.4;amarillo;0;463.3;3.2;sana;25.9;3;12.3;11.8;0;8.5;0;Buena
S01129;110.7;negro;1;459.4;3.0;sana;36.2;5;13.1;3.8;0;7.7;0;Buena
S01130;160.3;amarillo;0;507.8;3.3;sana;38.1;9;14.9;6.9;0;6.5;1;Regular
S01131;99.3;pardo;0;459.7;2.5;sana;34.1;5;14.2;13.8;0;6.7;0;Regular
S01132;130.7;negro;0;428.1;2.7;enferma;33.4;7;17.1;15.9;0;6.0;0;Regular
S01133;185.5;crema;0;477.1;2.9;sana;26.2;12;15.2;14.1;0;6.5;1;Regular
S01134;103.4;amarillo;1;467.3;3.4;sana;28.2;6;12.3;10.4;0;8.3;0;Buena
S01135;50.1;blanco;1;452.6;2.9;sana;38.3;1;12.5;11.3;0;8.5;0;Buena
S01136;181.3;blanco;0;481.7;3.1;sana;24.8;13;13.7;10.8;0;8.1;1;Buena
S01137;174.5;blanco;1;475.1;3.4;sana;38.3;10;14.2;13.2;0;6.7;0;Regular
S01138;134.7;rojo;0;449.2;2.0;nuche;38.8;7;18.2;11.1;1;4.6;1;Mala
S01139;46.0;amarillo;0;445.5;2.7;sana;26.3;1;12.0;6.5;0;8.0;0;Buena
S01140;157.6;rojo;0;490.2;3.4;sana;32.0;9;14.8;14.7;0;6.6;1;Regular
S01141;101.4;blanco;1;439.2;2.8;sana;27.4;5;13.1;9.9;0;7.0;0;Buena
S01142;170.5;blanco;1;496.8;3.1;sana;35.5;10;14.8;8.2;0;7.3;0;Regular
S01143;39.4;amarillo;0;452.3;3.6;sana;28.8;1;12.3;2.4;0;8.5;0;Buena
S01144;97.9;amarillo;0;463.2;3.6;sana;38.6;4;13.8;10.4;0;7.8;0;Buena
S01145;148.3;pardo;0;465.2;3.3;sana;25.6;10;10.2;8.6;0;7.1;0;Buena
S01146;181.9;negro;0;497.4;3.7;sana;36.9;12;13.2;12.3;0;8.8;0;Buena
S01147;49.9;rojo;1;430.0;2.9;sana;34.6;2;11.4;7.8;0;7.8;0;Buena
S01148;94.7;blanco;0;449.9;2.8;sana;25.3;5;16.0;3.3;1;7.3;0;Regular
S01149;55.4;negro;1;427.8;2.5;sana;24.9;2;13.4;7.1;1;5.4;1;Mala
S01150;94.0;rojo;0;488.8;3.4;sana;35.8;4;12.8;3.4;0;8.3;0;Buena
S01151;101.2;rojo;0;477.8;3.7;sana;38.3;4;13.1;10.2;0;8.3;0;Buena
S01152;168.0;rojo;0;452.1;2.5;nuche;36.5;10;18.0;6.0;1;4.7;1;Mala
S01153;143.0;blanco;1;464.1;3.0;sana;26.8;9;13.9;9.6;0;7.9;0;Buena
S01154;130.4;rojo;1;462.0;3.1;sana;35.3;8;14.5;7.7;0;6.9;1;Regular
S01155;153.1;atigrado;1;458.2;3.1;sana;32.3;9;14.6;2.5;0;6.2;1;Regular
S01156;157.0;amarillo;0;499.8;3.7;sana;39.9;9;15.2;11.1;0;7.4;1;Regular
S01157;71.2;blanco;0;449.9;3.3;sana;29.5;3;12.4;12.1;0;7.6;0;Buena
S01158;115.2;rojo;1;478.2;3.8;sana;36.0;6;12.3;0.6;0;8.0;0;Buena
S01159;92.6;blanco;0;445.9;3.1;sana;27.1;5;15.8;12.2;1;6.3;0;Regular
S01160;141.1;blanco;0;487.8;3.7;sana;31.0;8;13.9;10.3;0;8.4;0;Buena
S01161;121.5;rojo;1;477.4;3.4;sana;31.6;6;15.5;6.0;0;7.4;1;Regular
S01162;133.8;amarillo;0;485.2;3.5;sana;27.7;8;14.3;12.1;0;7.3;0;Regular
S01163;168.9;careto;0;513.6;4.1;sana;35.4;10;14.0;4.8;0;9.2;0;Buena
S01164;183.1;rojo;0;494.7;3.3;sana;27.4;11;16.0;11.3;0;7.1;0;Regular
S01165;152.4;pardo;0;493.3;3.4;sana;33.5;10;12.1;8.9;0;7.4;0;Buena
S01166;126.3;negro;1;453.2;3.0;nuche;35.0;8;15.0;7.2;0;6.9;1;Regular
S01167;94.0;amarillo;1;464.7;3.7;sana;33.6;4;13.1;10.9;0;7.8;0;Buena
S01168;72.3;negro;1;455.1;3.2;enferma;39.8;2;13.8;7.8;0;7.3;0;Buena
S01169;43.6;negro;0;446.8;3.5;sana;25.9;1;14.6;5.6;1;6.6;0;Mala
S01170;114.2;blanco;0;473.2;3.2;sana;36.8;5;14.1;5.3;0;6.6;0;Regular
S01171;72.2;negro;0;472.9;3.5;sana;34.3;3;13.5;10.1;0;7.6;0;Buena
S01172;83.6;pardo;0;466.6;3.3;sana;36.6;4;12.6;5.1;0;8.6;0;Buena
S01173;181.3;cafe;0;508.7;3.8;sana;25.2;13;11.4;4.8;0;8.6;0;Buena
S01174;177.1;rojo;1;519.8;3.8;sana;37.5;10;17.1;10.5;1;7.2;0;Regular
S01175;108.3;negro;1;472.0;3.6;sana;36.2;5;13.3;7.5;0;8.1;0;Buena
S01176;156.9;negro;0;504.3;3.1;sana;32.3;9;15.4;1.1;1;7.2;1;Regular
S01177;91.9;pardo;0;433.3;2.1;nuche;24.4;5;18.1;6.5;1;3.9;1;Mala
S01178;164.0;rojo;1;442.5;2.3;enferma;32.9;11;17.0;1.2;0;5.8;1;Regular
S01179;183.4;negro;0;497.9;3.0;sana;34.7;12;13.0;8.7;0;7.1;1;Buena
S01180;129.7;blanco;0;508.5;3.8;sana;26.8;8;12.6;10.2;0;7.6;0;Buena
S01181;148.6;rojo;1;483.9;3.1;sana;29.5;10;13.9;1.8;0;7.6;0;Buena
S01182;92.5;pardo;0;446.0;2.8;sana;35.7;5;14.5;13.8;0;6.8;1;Regular
S01183;166.5;negro;1;507.3;3.1;sana;33.0;10;14.3;7.4;0;6.6;1;Regular
S01184;142.1;blanco;1;483.9;2.9;sana;30.7;8;15.5;7.5;0;7.0;0;Regular
S01185;143.5;cafe;1;478.2;3.0;sana;39.6;7;14.7;1.3;0;7.1;0;Regular
S01186;150.6;rojo;0;483.2;2.8;sana;24.9;9;16.9;0.2;1;5.7;1;Mala
S01187;188.1;amarillo;0;478.8;3.0;sana;33.0;11;15.2;7.1;0;6.5;0;Regular
S01188;99.5;amarillo;1;411.2;2.4;enferma;36.3;4;17.5;2.5;0;5.9;0;Regular
S01189;48.7;crema;0;433.2;3.0;sana;28.1;2;10.4;1.9;0;8.8;0;Excelente
S01190;156.7;blanco;0;488.6;3.5;sana;38.1;10;14.5;4.0;0;7.3;1;Regular
S01191;65.8;negro;0;441.9;2.5;enferma;38.3;2;12.4;2.8;0;6.2;0;Buena
S01192;166.9;rojo;1;484.2;3.3;sana;29.3;10;14.3;8.9;0;7.6;1;Regular
S01193;67.7;rojo;0;456.9;3.7;sana;32.7;2;13.5;9.9;0;7.7;0;Buena
S01194;51.4;amarillo;1;451.1;3.4;sana;39.1;1;13.1;12.3;0;8.0;0;Buena
S01195;61.9;amarillo;0;459.9;3.3;sana;27.7;2;12.2;0.0;0;8.2;0;Buena
S01196;84.3;pardo;0;418.3;1.8;nuche;25.0;5;15.5;1.7;0;6.2;1;Regular
S01197;171.3;atigrado;0;492.1;3.2;sana;28.2;11;15.0;7.4;0;6.1;0;Regular
S01198;107.4;negro;0;468.7;3.4;sana;33.4;5;16.2;4.7;1;6.0;1;Mala
S01199;147.1;rojo;0;493.2;3.3;sana;28.4;10;16.0;4.5;1;7.4;0;Regular
S01200;50.4;rojo;0;433.3;3.3;nuche;33.9;2;13.2;9.1;0;7.6;0;Buena
S01201;41.1;rojo;0;400.2;2.3;nuche;24.2;2;15.7;1.2;0;6.1;1;Regular
S01202;155.9;jaspeado;0;482.6;3.6;sana;35.1;10;13.9;4.3;0;6.7;0;Buena
S01203;39.2;rojo;0;439.5;3.1;sana;37.5;1;14.7;14.5;1;6.4;1;Mala
S01204;80.0;negro;1;460.1;3.2;sana;34.0;3;12.9;4.3;0;8.0;0;Buena
S01205;124.0;blanco;0;494.3;3.0;sana;24.7;8;14.2;3.6;0;7.0;1;Regular
S01206;95.1;negro;0;439.7;3.0;sana;24.1;5;14.9;13.1;0;6.5;0;Regular
S01207;85.8;negro;1;471.7;3.6;sana;35.8;3;12.5;5.2;0;8.0;1;Buena
S01208;142.9;negro;0;487.7;3.2;sana;28.1;8;13.8;1.6;0;6.9;0;Buena
S01209;151.8;amarillo;1;496.8;3.3;sana;26.7;9;13.8;7.2;0;8.6;0;Buena
S01210;36.7;rojo;1;444.3;3.8;sana;25.8;1;10.8;9.5;0;8.2;0;Buena
S01211;61.8;blanco;0;454.8;3.2;sana;35.3;2;13.3;9.3;0;7.8;0;Buena
S01212;129.7;amarillo;0;477.2;2.7;sana;26.8;7;15.2;15.1;0;7.4;0;Regular
S01213;36.2;rojo;1;454.3;4.0;sana;26.0;1;13.0;1.2;0;10.4;0;Buena
S01214;148.6;crema;0;478.5;3.1;sana;25.1;9;12.4;8.3;0;6.9;0;Buena
S01215;133.6;atigrado;1;473.9;3.3;sana;26.4;8;15.2;1.6;1;7.5;0;Regular
S01216;152.9;negro;0;434.5;2.2;nuche;30.5;9;19.4;18.1;1;4.9;1;Mala
S01217;126.0;blanco;1;487.9;3.4;sana;34.9;7;14.8;14.5;0;7.5;0;Regular
S01218;42.3;cafe;0;431.5;3.5;enferma;27.5;1;16.7;10.4;1;7.0;1;Regular
S01219;169.8;cafe;0;511.2;3.1;sana;24.9;11;15.1;5.9;0;6.6;1;Regular
S01220;72.0;rojo;1;465.1;3.1;sana;36.9;2;13.9;0.5;1;7.8;0;Buena
S01221;83.2;blanco;0;447.5;3.6;sana;29.5;4;12.9;5.0;0;8.8;0;Buena
S01222;185.2;rojo;0;483.1;3.3;sana;38.7;11;14.0;1.4;0;8.0;0;Buena
S01223;42.1;blanco;0;451.9;3.7;sana;35.0;1;10.5;9.5;0;7.6;0;Buena
S01224;94.6;rojo;0;471.0;3.8;sana;38.2;4;12.9;11.5;0;8.0;0;Buena
S01225;73.8;cafe;0;474.4;3.6;sana;35.0;3;11.5;0.3;0;9.2;0;Excelente
S01226;155.9;rojo;0;503.4;2.9;sana;32.0;9;13.8;10.0;0;7.2;0;Buena
S01227;66.7;atigrado;0;421.3;2.8;sana;39.9;3;11.9;9.6;0;8.2;0;Buena
S01228;63.3;rojo;1;448.5;2.8;sana;24.1;3;10.2;8.3;0;8.2;0;Buena
S01229;157.1;rojo;0;488.1;3.2;sana;31.1;10;15.9;3.8;0;6.3;1;Regular
S01230;64.0;amarillo;0;485.9;4.0;sana;34.7;3;12.6;5.2;0;9.4;0;Buena
S01231;68.9;pardo;0;434.7;2.8;sana;34.5;2;14.5;7.2;0;8.4;0;Excelente
S01232;179.5;amarillo;0;517.7;3.8;sana;38.7;10;15.4;11.4;0;8.7;1;Regular
S01233;106.9;rojo;0;417.1;2.0;nuche;32.0;6;19.9;13.8;1;4.8;1;Mala
S01234;58.7;crema;0;468.1;3.4;sana;30.9;2;12.2;0.8;0;7.0;0;Buena
S01235;91.0;amarillo;0;446.4;3.3;sana;24.4;5;10;9.2;0;8.2;0;Buena
S01236;46.1;rojo;0;464.4;3.9;sana;27.1;1;12.1;9.3;0;9.2;0;Buena
S01237;142.9;negro;1;493.0;3.0;sana;25.9;9;13.2;12.0;0;7.9;0;Buena
S01238;133.2;negro;1;476.8;2.7;sana;30.0;7;14.8;2.2;0;7.4;0;Regular
S01239;70.9;blanco;0;442.6;2.8;sana;26.8;4;11.3;2.5;0;7.9;0;Buena
S01240;49.4;rojo;1;454.1;3.4;sana;38.5;1;11.1;10.7;0;7.1;0;Buena
S01241;66.8;amarillo;1;420.9;3.0;sana;30.3;2;13.1;7.3;0;7.2;0;Buena
S01242;184.4;negro;0;501.0;3.5;sana;38.8;11;14.8;6.6;0;7.7;0;Regular
S01243;184.5;atigrado;0;483.3;3.1;sana;26.6;12;18.1;10.1;1;5.2;1;Mala
S01244;161.6;atigrado;0;511.5;3.8;sana;35.7;9;17.9;6.7;1;7.8;0;Regular
S01245;133.9;blanco;0;473.0;3.2;sana;37.7;8;14.7;0.1;1;5.8;1;Mala
S01246;83.0;amarillo;0;462.3;3.9;sana;38.2;4;13.2;3.8;0;9.1;0;Buena
S01247;137.2;rojo;0;506.7;3.2;sana;31.6;8;14.2;1.0;0;7.9;1;Regular
S01248;47.9;blanco;0;433.8;3.2;sana;28.3;1;11.1;6.6;0;8.2;0;Buena
S01249;45.3;pardo;0;453.7;3.7;sana;26.7;1;13.7;1.9;0;8.1;0;Buena
S01250;67.1;rojo;0;437.0;2.6;nuche;33.9;2;14.7;7.0;0;6.2;0;Regular
S01251;71.6;pardo;0;449.5;3.5;sana;31.0;3;11.5;6.1;0;7.6;0;Buena
S01252;72.5;blanco;1;470.1;3.9;sana;33.1;3;12.8;4.9;0;8.8;0;Buena
S01253;147.7;negro;0;487.3;3.5;sana;26.3;10;13.3;10.7;0;8.7;0;Buena
S01254;159.1;rojo;1;495.4;3.8;sana;26.2;10;13.5;6.7;0;9.1;0;Buena
S01255;83.7;cafe;0;466.4;3.7;sana;38.2;3;12.9;4.6;0;7.8;1;Buena
S01256;149.8;atigrado;0;470.3;2.4;sana;39.4;8;15.9;3.5;1;6.3;1;Mala
S01257;146.7;rojo;0;490.4;4.1;sana;26.6;9;15.4;14.1;1;7.4;0;Regular
S01258;87.7;rojo;0;479.8;4.2;sana;31.0;5;12.2;9.1;0;9.3;0;Buena
S01259;174.1;blanco;0;456.9;1.5;nuche;33.4;10;19.2;4.3;1;3.2;1;Mala
S01260;117.0;blanco;0;497.9;3.6;sana;26.3;7;11.9;11.1;0;8.3;0;Buena
S01261;154.7;negro;0;465.6;2.5;sana;28.0;10;17.4;2.0;1;5.6;1;Mala
S01262;174.5;negro;1;496.4;3.0;sana;36.5;10;13.0;3.2;0;7.9;0;Buena
S01263;82.9;crema;1;455.9;3.1;sana;33.1;3;12.9;1.5;0;7.2;0;Buena
S01264;169.1;negro;0;499.7;3.0;sana;33.3;10;15.7;12.7;0;6.5;0;Regular
S01265;76.2;rojo;0;466.2;3.2;sana;29.2;3;15.4;4.6;1;7.2;1;Mala
S01266;139.3;amarillo;0;468.9;3.3;sana;31.3;9;13.3;6.0;0;7.7;0;Buena
S01267;159.4;rojo;0;478.0;3.0;sana;24.5;10;13.1;7.5;0;8.8;0;Buena
S01268;59.6;pardo;1;487.9;4.5;sana;31.8;2;11.9;10.0;0;9.3;0;Buena
S01269;164.5;cafe;1;499.4;3.7;sana;33.8;11;14.5;10.9;0;7.1;1;Regular
S01270;189.1;blanco;1;511.7;3.9;sana;26.2;12;15.1;3.3;0;8.4;1;Regular
S01271;142.6;blanco;0;476.7;3.5;sana;38.9;8;14.6;11.0;0;8.5;1;Regular
S01272;78.8;rojo;1;410.9;1.9;nuche;26.8;5;14.6;0.4;0;6.6;0;Regular
S01273;43.2;negro;0;426.2;2.5;nuche;36.8;1;14.3;2.3;0;6.8;1;Regular
S01274;171.7;amarillo;0;485.6;3.5;sana;38.7;11;12.5;11.5;0;7.5;0;Buena
S01275;76.1;amarillo;0;456.2;3.5;sana;37.8;2;14.8;2.3;1;6.6;0;Regular
S01276;170.3;amarillo;1;483.5;3.8;sana;36.8;10;13.2;3.4;0;8.5;0;Buena
S01277;110.8;blanco;0;458.0;3.2;sana;25.2;7;15.6;0.7;1;5.5;0;Regular
S01278;160.3;blanco;1;464.3;2.2;nuche;39.6;10;17.2;13.7;0;5.2;1;Regular
S01279;126.5;blanco;1;500.0;3.5;sana;33.6;7;13.9;12.6;0;7.9;0;Buena
S01280;121.9;rojo;1;444.1;2.9;sana;26.4;8;12.2;10.7;0;8.7;0;Buena
S01281;150.0;amarillo;0;464.9;3.1;sana;39.6;9;14.1;7.3;0;6.9;0;Regular
S01282;77.7;amarillo;1;430.2;2.9;nuche;33.8;3;14.3;2.7;0;5.6;0;Regular
S01283;175.2;rojo;0;498.1;3.4;sana;39.2;10;14.8;7.0;0;6.9;1;Regular
S01284;59.7;negro;0;441.5;2.8;sana;25.3;2;11.4;1.7;0;8.7;0;Excelente
S01285;183.1;blanco;1;510.3;3.6;sana;29.1;11;13.9;10.0;0;8.8;0;Buena
S01286;147.3;blanco;0;488.0;3.4;sana;30.0;9;12.3;1.2;0;8.4;0;Buena
S01287;153.1;amarillo;1;481.9;3.0;sana;37.6;8;17.2;14.3;1;6.3;1;Regular
S01288;138.1;jaspeado;0;477.6;3.2;sana;37.9;7;14.9;7.9;0;9.6;0;Excelente
S01289;188.3;blanco;0;501.1;3.4;sana;24.7;12;12.3;6.5;0;8.7;0;Buena
S01290;149.5;rojo;0;450.8;2.2;nuche;30.4;9;15.0;9.9;0;5.8;0;Regular
S01291;160.5;rojo;1;466.3;3.4;sana;35.0;10;16.6;8.1;1;7.2;0;Regular
S01292;143.8;amarillo;0;470.2;3.1;sana;26.5;9;12.4;6.5;0;7.3;0;Buena
S01293;149.2;amarillo;1;490.6;3.3;sana;30.6;9;13.8;2.7;0;8.5;0;Buena
S01294;65.0;amarillo;0;453.1;2.9;sana;37.0;3;13.1;7.2;0;7.3;0;Regular
S01295;62.3;careto;0;452.3;2.9;sana;31.2;2;13.1;11.2;0;8.4;0;Buena
S01296;171.8;negro;0;524.5;3.7;sana;38.1;11;12.8;8.1;0;7.4;0;Buena
S01297;151.5;blanco;1;496.5;3.7;sana;28.0;9;16.1;10.7;0;7.1;1;Regular
S01298;129.8;amarillo;0;461.7;2.8;sana;39.5;6;14.0;6.7;0;6.6;0;Buena
S01299;39.0;cafe;0;454.1;3.5;sana;34.4;1;10.6;9.1;0;8.7;0;Excelente
S01300;55.6;blanco;0;443.7;3.1;sana;38.7;1;11.3;2.8;0;7.4;0;Buena
S01301;149.1;amarillo;0;460.1;2.8;sana;35.2;8;14.8;9.1;0;7.6;1;Regular
S01302;105.0;rojo;0;478.5;3.8;sana;39.2;5;13.1;10.0;0;7.3;0;Buena
S01303;129.6;negro;0;494.4;4.0;sana;33.9;7;13.1;5.2;0;8.7;0;Buena
S01304;106.4;blanco;0;481.7;4.3;sana;35.0;5;12.9;7.8;0;9.0;0;Buena
S01305;73.3;pardo;0;465.8;3.2;sana;27.3;3;10;5.8;0;8.1;1;Buena
S01306;129.2;blanco;0;452.3;2.7;sana;24.2;8;16.1;0.6;1;6.2;0;Mala
S01307;38.8;negro;1;447.6;3.2;sana;29.7;1;10.4;9.1;0;7.5;0;Buena
S01308;161.5;negro;0;500.8;3.3;sana;28.2;10;13.1;0.2;0;7.8;0;Buena
S01309;38.0;amarillo;1;464.2;3.0;sana;30.2;1;12.8;2.6;0;7.0;0;Buena
S01310;51.0;rojo;0;484.1;3.8;sana;39.7;1;11.9;9.1;0;7.8;0;Buena
S01311;117.7;amarillo;0;476.5;3.8;sana;24.5;7;12.0;3.3;0;9.9;0;Buena
S01312;128.6;cafe;0;475.6;3.9;sana;29.5;7;11.8;11.1;0;9.3;0;Buena
S01313;85.8;rojo;0;447.9;3.2;nuche;26.2;4;15.9;0.1;0;7.9;0;Regular
S01314;81.4;pardo;1;467.8;3.1;sana;38.4;3;13.1;5.7;0;8.9;0;Buena
S01315;118.3;rojo;0;487.5;3.5;sana;26.2;7;14.4;8.6;0;7.4;1;Regular
S01316;64.5;amarillo;0;437.9;3.3;nuche;36.5;3;16.1;6.9;0;7.4;0;Regular
S01317;131.1;negro;0;492.1;3.7;sana;29.2;8;14.3;12.3;0;7.7;0;Regular
S01318;111.3;blanco;0;481.5;3.8;sana;38.7;5;12.7;5.8;0;9.0;0;Buena
S01319;69.1;careto;0;403.3;2.0;nuche;35.7;2;16.0;9.3;0;3.8;1;Regular
S01320;76.0;pardo;0;463.8;3.2;sana;27.7;3;15.6;1.1;1;7.2;1;Mala
S01321;128.5;rojo;0;480.8;3.3;sana;32.1;7;12.8;7.0;0;8.5;0;Buena
S01322;64.3;blanco;0;464.7;3.7;sana;35.1;2;12.6;10.2;0;8.2;0;Buena
S01323;169.0;rojo;0;521.7;3.2;sana;28.5;10;15.4;6.1;1;6.3;1;Regular
S01324;161.3;amarillo;0;487.9;3.1;sana;30.0;10;14.3;8.4;0;7.0;1;Regular
S01325;127.7;rojo;1;476.6;3.5;sana;38.5;6;13.7;8.1;0;7.8;0;Buena
S01326;136.2;rojo;0;479.7;2.7;sana;32.3;7;14.7;5.4;0;7.8;0;Regular
S01327;155.4;negro;0;491.0;3.5;sana;36.1;10;14.8;1.1;0;6.7;1;Regular
S01328;137.7;blanco;0;467.7;2.7;sana;26.2;8;14.7;13.6;1;5.9;0;Regular
S01329;76.5;rojo;1;480.4;4.1;sana;38.8;2;14.8;1.6;0;8.3;1;Regular
S01330;117.3;rojo;0;468.3;3.1;sana;36.4;6;15.4;14.6;0;7.1;0;Regular
S01331;149.6;blanco;0;438.9;2.4;enferma;35.5;8;20.2;11.2;1;5.1;1;Mala
S01332;162.8;rojo;0;467.2;1.9;sana;35.9;9;16.7;5.3;1;5.4;1;Mala
S01333;54.7;negro;0;444.3;3.2;sana;28.0;2;10.9;9.4;0;8.3;0;Buena
S01334;124.4;blanco;0;446.2;2.9;sana;25.6;7;15.9;7.3;1;6.7;0;Mala
S01335;158.4;negro;1;489.3;3.3;sana;26.2;10;15.6;5.5;1;6.1;1;Mala
S01336;87.4;rojo;0;467.6;3.9;sana;39.5;4;12.4;4.1;0;9.0;0;Buena
S01337;123.5;rojo;0;463.9;3.1;sana;30.1;8;11.9;10.8;0;8.0;1;Buena
S01338;60.4;blanco;0;465.6;3.5;sana;30.6;2;12.4;3.2;0;7.4;0;Buena
S01339;173.6;blanco;0;441.0;1.8;enferma;29.2;11;20.3;0.9;1;4.5;1;Mala
S01340;122.3;amarillo;0;483.7;3.7;sana;28.2;7;14.6;3.8;0;8.0;1;Regular
S01341;152.3;rojo;0;483.7;3.6;sana;24.3;9;13.1;11.3;0;7.6;0;Buena
S01342;177.7;negro;1;480.4;2.4;sana;37.7;10;15.1;5.3;0;6.0;0;Regular
S01343;86.6;blanco;0;462.6;3.1;sana;26.0;5;11.7;6.6;0;8.1;0;Buena
S01344;164.1;rojo;0;453.1;2.4;sana;27.2;10;14.3;2.9;0;6.5;1;Regular
S01345;114.8;blanco;1;462.2;3.2;sana;31.6;7;13.0;12.2;0;9.5;0;Excelente
S01346;100.5;amarillo;0;468.3;3.3;sana;29.6;5;13.4;11.6;0;8.3;1;Buena
S01347;136.5;negro;1;480.2;3.2;sana;28.5;9;11.9;1.2;0;9.3;0;Excelente
S01348;73.0;negro;1;477.3;3.3;sana;35.4;2;13.3;12.7;0;8.2;0;Buena
S01349;59.3;rojo;1;443.3;2.5;nuche;30.5;3;16.1;3.0;0;5.9;0;Regular
S01350;139.7;rojo;1;498.7;3.4;sana;33.9;9;12.9;0.6;0;8.2;0;Buena
S01351;136.5;amarillo;0;483.5;3.8;sana;24.5;8;12.2;0.9;0;9.0;0;Buena
S01352;40.8;rojo;0;426.1;2.7;sana;25.0;1;12.9;2.8;0;5.8;1;Mala
S01353;136.8;rojo;1;498.5;3.4;sana;37.0;7;13.6;1.9;0;8.9;0;Buena
S01354;170.0;blanco;0;477.8;3.1;sana;25.8;11;11.1;9.3;0;8.0;0;Buena
S01355;187.4;amarillo;1;497.5;2.9;sana;37.7;11;17.3;3.1;1;5.7;1;Mala
S01356;183.0;crema;0;473.3;2.5;sana;28.3;11;15.9;0.4;0;5.9;0;Regular
S01357;84.6;rojo;1;447.5;3.1;sana;34.4;3;10.5;2.8;0;8.7;0;Buena
S01358;90.0;rojo;1;487.5;3.1;sana;34.7;4;11.2;4.8;0;6.6;0;Buena
S01359;148.8;pardo;0;488.4;3.4;sana;32.9;8;13.2;5.0;0;8.2;0;Buena
S01360;84.0;rojo;0;464.1;3.0;sana;37.1;3;14.4;8.2;1;7.2;1;Regular
S01361;124.0;blanco;0;479.0;3.0;sana;38.3;6;15.2;11.9;0;6.8;1;Regular
S01362;103.3;negro;0;498.3;3.7;sana;25.9;5;12.7;10.9;0;10.3;0;Buena
S01363;147.9;blanco;0;440.2;2.2;nuche;29.7;9;16.2;4.0;0;5.6;1;Mala
S01364;72.8;amarillo;1;484.9;3.5;sana;33.1;3;12.8;0.3;0;7.9;0;Buena
S01365;152.0;blanco;0;482.6;3.2;sana;31.9;9;12.9;9.4;0;7.1;0;Buena
S01366;119.4;blanco;0;465.3;2.4;enferma;39.2;6;14.9;3.6;0;6.2;0;Regular
S01367;185.8;negro;0;485.9;3.1;sana;25.9;13;14.5;12.8;0;7.8;1;Regular
S01368;92.9;rojo;0;467.0;3.7;sana;39.4;4;13.3;0.2;0;8.8;0;Buena
S01369;99.6;amarillo;0;425.6;1.9;nuche;33.7;6;14.4;2.1;0;5.4;1;Regular
S01370;171.7;blanco;0;487.3;2.9;sana;32.6;11;15.5;9.2;0;5.2;1;Regular
S01371;173.2;amarillo;0;496.9;3.3;sana;25.1;12;14.3;9.1;0;7.7;0;Regular
S01372;70.2;atigrado;1;446.2;3.3;sana;26.6;4;13.1;7.2;0;6.8;0;Buena
S01373;157.1;atigrado;0;483.8;2.9;sana;34.6;9;18.0;7.7;1;5.9;1;Mala
S01374;116.4;negro;1;476.3;3.6;sana;35.9;7;14.2;6.1;0;7.7;0;Regular
S01375;76.7;negro;0;438.9;2.7;sana;30.9;3;13.5;10.2;0;8.4;0;Buena
S01376;83.0;rojo;1;475.7;3.3;sana;39.8;3;13.1;4.4;0;8.1;0;Buena
S01377;132.4;rojo;0;504.3;3.6;sana;26.4;9;12.0;2.0;0;8.0;0;Buena
S01378;55.4;negro;0;442.0;3.1;sana;39.8;1;12.1;8.5;0;8.1;0;Buena
S01379;187.5;cafe;0;497.9;2.9;sana;40.0;11;15.5;7.3;0;6.0;1;Regular
S01380;134.4;rojo;1;463.6;2.6;enferma;25.7;8;15.1;3.6;0;5.1;1;Regular
S01381;83.3;negro;0;432.2;2.4;sana;26.4;5;15.0;5.3;1;6.1;1;Mala
S01382;185.4;blanco;1;476.9;2.4;sana;37.1;11;17.2;9.1;1;5.5;1;Mala
S01383;72.0;rojo;0;414.4;3.0;sana;32.0;3;12.2;9.8;0;7.4;0;Buena
S01384;169.4;amarillo;0;492.4;2.9;sana;39.9;10;17.7;14.2;1;7.9;1;Regular
S01385;97.8;rojo;0;479.3;3.5;sana;24.1;5;14.2;5.5;0;7.3;1;Regular
S01386;143.6;amarillo;0;477.0;3.3;sana;34.0;8;17.3;15.9;1;7.2;1;Regular
S01387;142.2;blanco;0;488.7;3.5;sana;34.4;8;15.0;13.9;0;5.9;0;Regular
S01388;131.0;blanco;1;475.7;2.9;sana;25.6;8;12.1;4.4;0;7.7;0;Buena
S01389;103.4;rojo;0;462.1;2.6;sana;24.4;6;11.9;0.0;0;8.9;0;Excelente
S01390;146.1;negro;0;471.1;2.2;sana;24.4;9;14.3;9.7;1;4.7;0;Mala
S01391;74.7;negro;1;467.7;3.5;sana;29.4;4;10.4;0.1;0;8.4;0;Excelente
S01392;146.3;rojo;0;468.9;2.3;nuche;32.0;9;15.7;2.1;0;4.6;1;Regular
S01393;162.9;rojo;1;458.3;2.3;enferma;33.6;9;17.4;0.3;0;4.8;1;Regular
S01394;103.3;blanco;1;482.2;3.3;sana;38.6;4;14.0;10.3;0;7.0;0;Buena
S01395;95.8;amarillo;0;463.8;2.7;sana;29.8;5;11.8;1.8;0;7.7;0;Excelente
S01396;131.5;pardo;0;484.5;3.2;sana;37.7;7;16.0;9.6;0;6.1;1;Regular
S01397;71.2;amarillo;0;458.1;3.3;sana;31.6;3;11.4;8.1;0;9.0;0;Buena
S01398;168.8;rojo;0;476.1;3.6;sana;29.2;10;14.2;14.1;0;7.5;0;Regular
S01399;101.4;atigrado;0;455.1;3.7;sana;29.4;5;14.0;6.3;0;8.5;0;Buena
S01400;127.2;blanco;0;470.0;2.9;sana;29.8;8;12.1;5.6;0;8.3;0;Buena
S01401;157.2;negro;0;468.1;2.8;enferma;36.3;9;17.3;0.5;0;7.2;1;Regular
S01402;91.7;pardo;0;462.8;3.2;sana;39.9;3;13.3;4.1;0;8.1;0;Buena
S01403;104.1;pardo;0;457.4;3.3;sana;29.2;5;14.4;11.1;0;7.6;0;Regular
S01404;173.6;rojo;0;503.1;2.8;sana;24.7;11;18.3;8.8;1;6.3;1;Mala
S01405;88.1;blanco;0;464.9;3.8;sana;30.7;5;12.7;10.6;0;8.1;0;Buena
S01406;40.7;rojo;0;434.3;2.8;sana;30.3;1;11.0;2.9;0;7.7;0;Buena
S01407;164.5;careto;0;487.6;2.9;sana;35.9;9;15.3;0.1;0;7.6;1;Regular
S01408;105.3;blanco;0;442.5;2.6;nuche;32.0;5;17.9;2.6;1;6.3;1;Regular
S01409;164.9;negro;1;471.8;3.2;sana;26.8;10;18.2;11.9;1;6.2;1;Mala
S01410;52.4;amarillo;0;449.1;3.1;sana;38.1;1;12.7;0.4;0;8.1;0;Buena
S01411;125.1;rojo;0;479.1;3.0;sana;24.5;8;14.3;1.4;0;6.8;0;Regular
S01412;77.4;pardo;1;455.9;2.6;sana;37.9;3;12.8;1.0;0;7.1;0;Buena
S01413;172.8;blanco;0;522.8;3.9;sana;27.2;12;14.7;3.3;0;8.4;1;Regular
S01414;78.9;negro;0;428.8;2.0;nuche;24.1;5;14.3;0.9;0;4.8;0;Regular
S01415;187.9;rojo;0;498.7;3.1;sana;33.7;12;15.8;1.4;0;6.8;1;Regular
S01416;89.6;amarillo;0;480.5;3.6;sana;30.9;5;11.6;2.0;0;7.8;0;Buena
S01417;186.5;blanco;1;499.6;3.4;sana;33.4;12;13.3;0.0;0;6.2;0;Buena
S01418;166.4;amarillo;1;497.0;2.8;sana;35.4;11;14.7;11.3;0;6.1;0;Regular
S01419;171.8;rojo;1;482.9;2.6;sana;33.2;11;17.5;0.1;1;6.1;1;Mala
S01420;160.7;crema;0;500.1;3.5;sana;39.6;10;14.2;10.2;0;7.1;1;Regular
S01421;113.7;negro;0;485.6;3.6;sana;27.3;7;13.1;5.2;0;8.9;1;Buena
S01422;118.8;rojo;0;482.7;2.8;sana;34.3;7;13.5;11.9;0;8.0;0;Buena
S01423;96.5;crema;0;463.7;3.4;sana;39.2;5;12.2;3.8;0;8.4;0;Buena
S01424;95.1;blanco;0;475.8;3.4;sana;33.1;4;13.6;5.4;0;8.4;0;Buena
S01425;71.7;rojo;0;471.0;3.2;sana;28.4;3;10.2;1.0;0;8.4;0;Excelente
S01426;101.6;negro;0;474.9;3.3;sana;33.1;6;11.9;3.2;0;8.9;0;Buena
S01427;142.4;pardo;0;444.2;2.7;sana;28.3;8;16.1;8.3;1;6.2;1;Mala
S01428;57.5;negro;0;462.5;3.6;sana;35.9;1;13.5;3.4;0;7.8;0;Buena
S01429;157.8;blanco;0;464.1;2.8;enferma;28.8;9;15.4;3.1;0;6.5;1;Regular
S01430;126.8;negro;0;476.2;2.9;sana;33.9;8;12.8;3.5;0;7.3;0;Buena
S01431;156.8;blanco;0;508.3;3.6;sana;32.7;9;12.6;9.9;0;8.4;0;Buena
S01432;55.3;blanco;1;456.1;3.3;sana;27.5;2;11.9;2.0;0;8.4;0;Buena
S01433;152.3;negro;0;483.1;3.1;sana;38.9;8;15.5;2.9;0;5.8;0;Regular
S01434;50.0;cafe;0;427.9;3.1;sana;28.4;2;10.2;6.7;0;8.6;0;Buena
S01435;56.7;rojo;1;457.6;3.6;sana;29.5;2;11.6;9.7;0;8.2;0;Buena
S01436;47.5;blanco;1;446.0;3.6;sana;29.9;2;12.1;1.1;0;8.0;1;Buena
S01437;43.2;atigrado;0;491.7;3.9;sana;31.8;1;10;8.3;0;9.2;0;Buena
S01438;96.2;rojo;0;442.7;2.4;nuche;24.2;5;18.2;12.0;1;4.2;1;Mala
S01439;169.6;rojo;0;503.2;3.4;sana;39.0;10;15.4;3.1;0;7.6;0;Regular
S01440;80.3;crema;1;465.9;3.3;sana;31.5;3;11.8;0.4;0;8.7;0;Excelente
S01441;81.0;blanco;1;479.2;3.8;sana;30.9;4;11.8;11.8;0;7.9;0;Buena
S01442;65.1;rojo;1;408.8;2.4;nuche;28.6;3;14.5;3.2;0;6.6;0;Regular
S01443;113.2;rojo;1;477.8;3.1;sana;40.0;6;13.4;11.3;0;8.5;1;Buena
S01444;142.0;rojo;0;490.5;3.2;sana;28.3;8;14.8;5.0;0;6.6;0;Regular
S01445;62.9;rojo;1;445.4;3.3;sana;33.4;3;11.3;3.0;0;8.3;0;Buena
S01446;133.8;blanco;0;467.2;3.5;sana;39.3;7;12.9;7.0;0;8.5;0;Buena
S01447;171.3;rojo;0;487.5;2.9;sana;34.9;10;15.4;10.2;1;6.6;1;Regular
S01448;115.7;blanco;1;469.7;3.4;sana;31.2;6;13.5;4.5;0;7.3;0;Buena
S01449;95.3;rojo;1;466.5;3.7;sana;38.1;5;12.9;5.5;0;8.4;0;Buena
S01450;135.3;blanco;1;481.4;2.7;sana;35.2;7;17.1;14.7;1;5.3;1;Mala
S01451;130.6;careto;0;470.8;2.8;sana;30.9;8;12.5;5.9;0;8.2;0;Buena
S01452;161.2;blanco;0;467.5;2.2;nuche;32.1;9;16.8;5.4;0;5.7;1;Regular
S01453;57.3;pardo;0;457.8;3.0;sana;34.4;1;12.6;9.1;0;7.9;0;Buena
S01454;45.4;amarillo;0;443.9;3.7;sana;39.4;1;15.1;7.7;1;6.9;0;Regular
S01455;118.6;amarillo;1;482.8;3.1;sana;35.2;6;13.6;10.0;0;7.5;0;Buena
S01456;83.4;rojo;0;452.6;2.7;sana;24.5;4;12.0;1.0;0;6.9;0;Excelente
S01457;188.4;blanco;1;501.8;3.2;sana;36.4;11;16.0;9.9;0;6.5;1;Regular
S01458;75.8;blanco;1;445.7;3.2;enferma;27.7;3;14.7;10.3;0;5.6;0;Regular
S01459;47.6;blanco;1;460.2;3.3;sana;37.8;1;12.7;1.4;0;7.6;0;Buena
S01460;152.8;crema;1;503.5;2.8;sana;28.0;9;12.9;1.2;0;7.6;0;Buena
S01461;53.6;amarillo;0;486.9;3.8;sana;34.1;2;12.2;6.3;0;7.6;0;Buena
S01462;60.5;amarillo;1;408.9;2.0;nuche;32.8;2;15.6;14.8;0;5.3;1;Regular
S01463;114.2;negro;0;484.9;3.3;sana;34.3;6;14.4;8.5;0;7.7;0;Regular
S01464;168.2;rojo;0;501.8;3.2;sana;24.2;12;17.6;14.2;1;7.1;0;Regular
S01465;171.9;rojo;1;511.3;3.8;sana;30.1;10;14.0;6.8;0;8.5;0;Buena
S01466;81.5;blanco;0;454.6;3.4;sana;34.5;3;13.3;12.7;0;8.3;0;Buena
S01467;176.1;negro;0;485.3;3.1;sana;35.3;11;14.4;4.2;0;7.2;0;Regular
S01468;142.2;amarillo;0;493.2;2.7;sana;30.8;8;15.5;10.5;1;5.5;0;Mala
S01469;77.9;jaspeado;0;424.1;3.4;sana;29.6;3;11.5;8.2;0;9.3;0;Buena
S01470;71.5;amarillo;0;431.3;3.3;sana;36.4;2;12.3;7.0;0;8.2;0;Buena
S01471;175.4;amarillo;1;463.0;3.1;sana;33.7;10;16.2;1.2;1;6.5;1;Mala
S01472;63.2;jaspeado;0;429.5;3.2;enferma;38.5;1;16.4;15.6;0;6.4;0;Regular
S01473;149.2;pardo;0;497.2;2.6;sana;35.4;8;17.8;9.3;1;6.1;0;Mala
S01474;173.9;pardo;1;510.2;3.7;sana;32.4;11;16.9;0.5;0;7.2;1;Regular
S01475;186.7;blanco;0;480.7;2.6;sana;33.9;11;18.0;15.7;1;5.8;1;Regular
S01476;54.2;rojo;0;466.2;3.7;sana;26.4;2;12.8;8.2;0;7.9;0;Buena
S01477;157.0;cafe;1;444.7;2.6;nuche;29.3;9;17.2;4.0;0;5.6;1;Regular
S01478;129.7;pardo;0;474.5;3.0;sana;38.5;7;11.2;10.3;0;7.8;0;Buena
S01479;93.0;negro;0;439.7;3.5;sana;34.5;5;11.7;6.2;0;7.5;0;Buena
S01480;153.7;crema;0;480.5;3.0;sana;37.6;9;15.2;2.5;0;7.1;1;Regular
S01481;137.7;rojo;0;500.9;3.6;sana;31.9;8;16.4;3.7;0;7.8;0;Regular
S01482;184.8;amarillo;0;499.1;3.2;sana;37.4;11;17.8;5.3;1;6.6;0;Mala
S01483;78.4;negro;0;487.1;3.3;sana;28.3;3;13.7;3.1;0;8.0;0;Buena
S01484;142.5;negro;0;493.7;3.1;sana;33.7;8;15.4;15.0;0;7.5;0;Regular
S01485;61.6;negro;0;458.2;2.7;sana;30.1;2;15.4;8.4;1;7.1;1;Regular
S01486;173.9;negro;1;505.5;3.4;sana;30.3;11;15.0;12.3;0;7.3;0;Regular
S01487;173.4;pardo;0;491.8;3.1;sana;29.0;11;15.0;10.7;0;7.2;1;Regular
S01488;140.9;blanco;0;489.4;3.9;sana;39.0;7;13.0;8.9;0;10.2;0;Buena
S01489;137.7;negro;1;463.5;2.6;sana;26.5;8;16.9;14.7;1;5.1;1;Mala
S01490;66.8;crema;0;420.5;3.1;sana;28.2;3;13.5;6.6;0;7.8;0;Buena
S01491;188.8;amarillo;1;462.2;2.4;enferma;35.5;11;15.9;14.1;0;6.2;1;Regular
S01492;140.8;crema;0;478.7;3.3;sana;25.5;8;13.0;3.1;0;7.8;0;Buena
S01493;41.0;atigrado;0;436.2;3.1;sana;26.5;2;12.5;11.9;0;8.3;0;Buena
S01494;143.5;careto;0;508.7;3.8;sana;34.9;9;13.9;5.4;0;8.9;0;Buena
S01495;73.6;rojo;0;475.9;3.7;sana;30.2;3;12.9;4.8;0;8.4;1;Buena
S01496;151.4;amarillo;0;486.9;3.2;sana;30.0;9;16.1;0.8;0;7.0;1;Regular
S01497;97.0;rojo;0;460.6;3.1;sana;26.1;5;12.2;7.6;0;7.8;0;Buena
S01498;42.7;amarillo;1;468.6;3.4;sana;27.8;2;12.1;2.4;0;7.8;0;Buena
S01499;143.2;rojo;0;490.4;2.5;sana;37.2;8;15.7;7.3;1;4.8;0;Mala
S01500;137.9;rojo;1;479.5;3.2;sana;39.2;8;12.4;11.5;0;8.2;0;Buena
S01501;133.1;amarillo;0;474.4;2.9;sana;34.1;7;14.3;14.0;0;7.1;0;Regular
S01502;93.1;amarillo;0;460.1;3.2;sana;35.2;4;13.2;1.8;0;7.9;1;Buena
S01503;105.1;blanco;0;454.2;2.5;nuche;30.5;6;16.2;1.2;0;5.6;1;Regular
S01504;71.5;blanco;0;448.5;2.7;sana;36.9;2;14.1;4.3;1;6.5;1;Mala
S01505;123.3;amarillo;0;487.7;4.1;sana;35.9;7;12.4;7.2;0;9.4;0;Buena
S01506;149.2;blanco;0;493.3;3.9;sana;32.5;8;13.8;5.9;0;8.8;0;Buena
S01507;171.7;blanco;0;520.0;3.7;sana;33.0;10;13.8;13.4;0;8.4;0;Buena
S01508;159.4;amarillo;1;497.8;3.2;sana;36.9;10;17.5;14.9;1;7.8;0;Regular
S01509;68.8;blanco;1;425.6;2.1;enferma;30.5;3;16.7;6.6;1;3.1;1;Mala
S01510;168.4;blanco;1;510.1;3.6;sana;38.7;9;15.0;2.1;0;8.1;1;Regular
S01511;50.5;blanco;1;471.4;3.6;sana;27.0;1;12.0;5.9;0;8.7;0;Buena
S01512;129.6;pardo;0;486.4;4.0;sana;37.8;7;12.5;11.6;0;9.4;0;Buena
S01513;46.7;negro;1;481.4;3.9;sana;35.5;1;12.0;9.1;0;8.6;0;Buena
S01514;55.8;negro;0;416.2;2.9;sana;25.2;2;14.4;4.3;0;7.0;0;Regular
S01515;67.9;rojo;1;467.4;3.2;sana;29.4;2;12.7;9.2;0;8.1;0;Buena
S01516;148.1;amarillo;0;490.3;3.6;sana;34.4;8;13.8;1.9;0;8.3;0;Buena
S01517;163.9;amarillo;1;489.3;2.9;sana;27.1;10;13.0;11.5;0;6.3;0;Buena
S01518;79.5;negro;0;447.0;3.3;sana;33.4;4;13.9;6.7;0;7.7;0;Buena
S01519;189.6;careto;1;460.1;2.1;nuche;32.1;13;18.1;10.8;0;5.1;0;Regular
S01520;155.4;negro;1;498.4;3.2;sana;27.6;9;14.5;8.5;0;6.8;0;Regular
S01521;137.7;crema;0;476.6;2.9;sana;38.9;8;16.1;15.9;1;6.6;1;Regular
S01522;127.1;negro;0;427.9;2.8;nuche;28.8;7;16.5;8.3;0;6.2;0;Regular
S01523;117.1;crema;1;433.5;2.0;sana;34.3;6;14.6;0.7;1;3.4;1;Mala
S01524;147.4;negro;0;468.9;2.9;sana;36.0;8;14.7;7.6;0;6.0;0;Regular
S01525;158.7;rojo;0;513.4;3.4;sana;24.1;10;14.5;12.2;0;7.7;1;Regular
S01526;95.2;amarillo;1;482.5;3.6;sana;38.4;4;12.5;11.6;0;8.2;0;Buena
S01527;91.2;negro;1;421.2;2.3;enferma;28.1;4;19.1;7.9;1;4.7;1;Mala
S01528;91.0;rojo;0;477.9;4.0;sana;26.5;4;12.8;6.0;0;9.0;0;Buena
S01529;67.1;negro;0;422.2;1.9;enferma;24.3;3;15.4;7.0;0;5.2;1;Regular
S01530;131.8;pardo;1;449.1;1.9;nuche;32.2;7;19.1;10.2;1;4.6;1;Mala
S01531;151.0;rojo;0;477.5;3.5;sana;36.3;8;13.2;10.8;0;7.9;0;Buena
S01532;87.8;amarillo;1;450.9;2.9;sana;30.2;5;14.9;5.6;1;5.4;1;Mala
S01533;187.5;negro;0;500.4;3.7;sana;27.6;13;15.8;10.4;1;7.7;0;Regular
S01534;77.6;blanco;0;454.4;3.0;sana;27.7;4;10.9;3.1;0;7.7;0;Buena
S01535;84.1;amarillo;1;456.8;3.3;sana;34.6;3;11.7;1.3;0;9.6;0;Excelente
S01536;77.2;crema;0;448.0;3.1;sana;24.1;4;12.7;11.1;0;6.9;0;Buena
S01537;123.9;amarillo;0;491.1;3.7;sana;39.5;6;13.0;9.8;0;9.0;0;Buena
S01538;178.9;rojo;0;501.1;2.9;sana;35.2;11;15.9;5.9;1;6.7;0;Regular
S01539;153.7;negro;0;507.6;3.7;sana;26.3;9;13.6;8.1;0;8.5;1;Buena
S01540;56.6;blanco;1;445.1;3.1;sana;31.2;1;14.5;9.8;0;6.9;0;Regular
S01541;153.5;negro;0;430.8;2.2;nuche;35.4;9;15.9;15.7;0;5.1;1;Regular
S01542;157.8;negro;0;491.4;3.3;sana;32.4;9;12.9;5.8;0;8.8;0;Buena
S01543;46.0;negro;1;445.3;3.2;sana;29.9;1;11.5;2.4;0;8.7;0;Buena
S01544;116.9;pardo;0;457.8;3.2;sana;30.4;7;12.8;10.1;0;7.5;0;Buena
S01545;49.6;jaspeado;0;473.3;3.7;sana;33.1;1;11.0;5.6;0;9.2;0;Buena
S01546;111.2;crema;0;456.8;3.2;sana;39.5;6;15.2;8.4;1;7.6;1;Regular
S01547;78.3;blanco;0;444.0;3.3;sana;34.6;3;14.2;7.0;0;7.4;0;Regular
S01548;156.6;pardo;0;480.5;3.6;sana;29.7;9;12.7;10.7;0;7.3;1;Buena
S01549;86.7;blanco;0;457.6;3.1;sana;31.0;4;12.0;8.1;0;7.2;0;Buena
S01550;79.1;amarillo;0;476.8;3.8;sana;27.3;3;12.3;11.3;0;8.7;0;Buena
S01551;135.8;rojo;1;505.6;3.7;sana;39.8;8;11.8;0.9;0;9.5;0;Excelente
S01552;105.4;negro;1;448.0;2.3;nuche;27.7;5;15.0;4.0;0;5.6;1;Regular
S01553;176.9;atigrado;0;495.1;3.2;sana;37.7;10;15.5;4.9;0;7.8;0;Regular
S01554;169.8;rojo;0;503.3;2.9;sana;35.3;11;13.4;6.8;0;7.5;1;Buena
S01555;41.8;negro;1;461.4;3.4;sana;38.7;1;12.4;1.1;0;7.4;0;Buena
S01556;89.4;blanco;0;472.5;3.7;sana;36.8;5;12.7;6.0;0;8.8;0;Buena
S01557;150.4;negro;0;461.3;2.9;sana;38.7;8;15.5;6.9;0;8.1;0;Regular
S01558;47.8;blanco;0;441.9;3.8;sana;34.3;1;13.4;3.7;0;8.6;1;Buena
S01559;127.0;pardo;1;451.8;3.1;sana;31.2;8;11.8;4.8;0;6.1;0;Buena
S01560;154.7;amarillo;1;468.5;2.3;enferma;34.2;9;15.3;12.5;0;6.5;1;Regular
S01561;105.7;amarillo;0;436.1;2.2;enferma;30.6;5;19.9;16.1;1;4.5;1;Mala
S01562;55.7;blanco;0;453.2;3.8;sana;33.4;2;12.3;2.7;0;8.8;0;Buena
S01563;50.4;pardo;0;457.4;3.5;sana;34.2;2;11.7;2.9;0;8.1;0;Buena
S01564;96.9;rojo;0;464.4;3.1;sana;36.9;4;15.0;8.5;1;5.5;0;Mala
S01565;94.7;blanco;0;487.0;3.9;sana;26.5;6;10.9;3.3;0;8.7;0;Buena
S01566;158.1;pardo;0;452.6;2.0;enferma;35.9;9;19.2;15.0;1;4.3;1;Mala
S01567;110.1;rojo;0;479.6;3.7;sana;24.0;6;13.2;5.0;0;8.2;0;Buena
S01568;81.0;pardo;1;459.8;3.2;sana;28.2;4;11.1;0.7;0;8.8;1;Excelente
S01569;85.6;rojo;0;425.7;3.0;sana;25.5;5;12.7;9.2;0;7.5;0;Buena
S01570;67.7;amarillo;1;454.5;2.6;sana;27.7;3;10.5;5.8;0;8.8;0;Excelente
S01571;116.8;negro;1;480.0;3.2;sana;37.4;6;13.7;7.9;0;9.3;0;Buena
S01572;93.3;rojo;0;472.4;3.8;sana;30.5;5;13.1;12.8;0;8.0;0;Buena
S01573;140.0;crema;1;469.4;3.0;sana;25.5;9;15.1;4.8;1;5.8;1;Mala
S01574;168.4;negro;1;489.4;3.5;sana;32.3;11;14.0;12.2;0;8.1;1;Buena
S01575;93.4;amarillo;1;430.1;2.7;enferma;35.8;4;16.0;3.3;0;5.8;0;Regular
S01576;92.0;negro;0;481.8;4.0;sana;27.4;5;11.6;3.9;0;9.1;0;Buena
S01577;155.0;rojo;0;497.7;3.4;sana;26.8;9;14.4;11.7;0;7.1;0;Regular
S01578;134.0;negro;0;493.2;3.8;sana;28.4;8;12.6;4.5;0;8.3;0;Buena
S01579;189.6;atigrado;0;480.8;2.6;sana;33.0;13;16.3;4.0;0;6.4;0;Regular
S01580;100.1;amarillo;0;439.0;2.8;enferma;27.5;5;14.8;14.7;0;7.1;1;Regular
S01581;84.9;rojo;1;455.7;3.0;sana;35.0;3;11.9;4.0;0;8.3;0;Buena
S01582;144.9;atigrado;0;448.3;2.6;sana;28.8;8;15.4;3.0;1;5.6;1;Regular
S01583;68.7;blanco;0;442.0;3.3;sana;36.0;3;11.8;1.7;0;8.6;0;Excelente
S01584;129.7;jaspeado;0;463.3;3.1;sana;30.6;7;14.1;11.0;0;6.2;1;Regular
S01585;73.7;negro;1;455.0;2.6;sana;24.9;3;12.8;7.9;0;6.0;0;Buena
S01586;38.9;crema;0;463.4;4.0;sana;27.3;1;11.2;3.3;0;8.1;0;Buena
S01587;78.8;amarillo;0;438.7;3.2;sana;26.6;4;12.3;7.4;0;8.2;0;Buena
S01588;160.2;blanco;0;507.1;3.4;sana;37.1;10;15.3;6.3;0;6.8;1;Regular
S01589;49.6;rojo;0;466.7;3.6;sana;34.9;1;12.2;4.8;0;9.3;0;Buena
S01590;53.5;careto;1;468.8;3.6;sana;35.7;2;12.1;2.6;0;8.0;0;Buena
S01591;159.2;cafe;1;473.4;3.3;sana;28.5;10;13.8;1.0;0;8.4;1;Buena
S01592;189.1;crema;1;514.7;3.0;sana;39.6;11;14.8;9.7;0;6.3;1;Regular
S01593;117.6;pardo;0;472.2;3.3;sana;25.9;7;13.1;0.5;0;8.4;0;Buena
S01594;66.9;negro;0;446.2;3.6;sana;32.9;2;12.7;8.8;0;8.0;0;Buena
S01595;180.6;blanco;1;495.4;2.6;sana;24.9;11;15.9;1.8;0;5.8;1;Regular
S01596;141.0;crema;0;463.3;3.2;enferma;28.9;8;17.5;11.5;0;6.8;0;Regular
S01597;106.7;blanco;0;428.7;2.9;nuche;38.9;6;15.6;5.7;0;7.0;1;Regular
S01598;47.0;negro;0;453.0;3.1;sana;34.2;1;11.4;11.4;0;8.6;0;Buena
S01599;79.7;amarillo;0;419.7;2.4;sana;29.4;3;11.4;0.8;0;7.8;0;Excelente
S01600;189.7;rojo;0;493.8;3.7;sana;38.3;12;14.4;10.2;0;7.1;0;Regular
S01601;116.2;crema;0;464.3;3.5;sana;28.5;6;13.5;8.0;0;7.5;0;Buena
S01602;89.6;blanco;0;461.2;3.4;sana;36.5;5;13.6;6.2;0;8.4;0;Buena
S01603;98.4;amarillo;0;474.3;3.1;sana;24.4;6;14.8;3.3;0;6.9;0;Regular
S01604;184.0;pardo;1;494.9;2.8;sana;32.2;11;20.0;10.8;1;6.0;0;Mala
S01605;153.0;negro;0;497.0;3.6;sana;30.5;10;15.1;2.1;0;7.7;1;Regular
S01606;59.9;amarillo;1;447.0;3.0;sana;26.5;3;11.1;0.4;0;8.2;0;Excelente
S01607;53.8;rojo;0;435.9;2.3;sana;39.0;1;15.9;15.0;1;5.2;1;Mala
S01608;127.2;crema;1;444.6;2.9;nuche;28.6;7;15.2;9.1;0;6.3;1;Regular
S01609;119.2;pardo;1;497.4;3.7;sana;34.0;6;13.2;11.5;0;9.2;0;Buena
S01610;50.7;blanco;0;439.3;3.5;sana;36.8;2;11.9;6.1;0;8.0;1;Buena
S01611;70.2;rojo;0;460.3;3.3;sana;35.4;3;11.0;1.6;0;9.8;0;Excelente
S01612;146.7;rojo;0;462.2;2.7;sana;35.5;8;17.2;13.5;1;6.3;0;Regular
S01613;119.9;rojo;0;456.3;3.0;sana;37.3;6;12.6;1.9;0;7.3;1;Buena
S01614;46.3;amarillo;0;455.9;3.3;sana;27.7;1;12.2;5.4;0;8.3;0;Buena
S01615;46.6;blanco;0;457.0;3.4;sana;27.5;2;10.5;6.7;0;7.8;0;Buena
S01616;155.2;negro;0;495.3;3.7;sana;38.0;10;14.4;2.5;0;7.6;1;Regular
S01617;48.3;blanco;0;484.8;3.7;sana;29.5;1;13.0;3.7;0;8.1;0;Buena
S01618;164.5;negro;0;472.8;2.6;sana;26.6;10;16.9;11.4;1;6.0;1;Mala
S01619;48.7;blanco;0;419.4;2.4;sana;30.2;2;14.9;10.3;1;5.1;1;Mala
S01620;81.5;amarillo;1;451.2;2.6;sana;28.8;4;12.7;3.1;0;8.0;0;Buena
S01621;109.1;atigrado;1;486.0;3.8;sana;26.0;6;16.1;4.9;1;6.5;1;Regular
S01622;59.3;negro;0;466.3;3.1;sana;33.2;2;11.3;6.8;0;7.9;0;Buena
S01623;125.6;rojo;1;497.7;3.8;sana;37.5;6;13.7;5.0;0;8.4;0;Buena
S01624;125.2;blanco;0;470.7;3.4;sana;28.6;7;14.0;13.5;0;7.6;0;Buena
S01625;118.3;amarillo;0;477.3;3.2;sana;35.7;6;13.6;10.3;0;8.8;0;Buena
S01626;177.7;blanco;0;500.7;3.5;sana;30.7;11;17.6;2.2;1;7.0;1;Regular
S01627;143.8;rojo;0;476.5;2.9;sana;25.2;9;16.4;9.0;1;5.9;1;Mala
S01628;109.6;negro;0;461.2;3.3;sana;27.2;6;12.7;10.4;0;8.0;0;Buena
S01629;99.8;crema;1;454.0;3.3;sana;26.4;5;17.2;15.6;1;6.9;0;Regular
S01630;58.9;rojo;0;420.3;3.2;sana;28.2;2;11.2;1.4;0;9.1;0;Excelente
S01631;51.9;blanco;1;460.8;3.4;sana;30.6;1;11.8;0.5;0;9.3;0;Excelente
S01632;161.4;pardo;1;438.0;2.7;sana;28.7;10;15.5;12.5;0;6.8;1;Regular
S01633;89.2;atigrado;0;445.7;2.9;sana;37.4;3;13.3;3.5;0;7.9;0;Buena
S01634;61.4;pardo;0;446.6;3.4;sana;37.3;2;12.3;1.6;0;7.9;0;Buena
S01635;87.4;amarillo;0;468.7;3.6;sana;30.7;5;11.4;2.6;0;8.5;0;Buena
S01636;155.8;rojo;0;435.4;1.8;nuche;25.2;10;19.8;15.6;1;5.0;1;Mala
S01637;168.0;crema;0;491.3;3.0;sana;24.1;11;13.8;5.2;0;7.4;0;Buena
S01638;106.7;rojo;0;440.7;2.8;sana;25.5;6;15.7;3.8;0;7.1;1;Regular
S01639;44.6;negro;0;437.1;3.3;sana;35.5;1;11.8;7.4;0;7.0;0;Buena
S01640;160.4;negro;1;461.7;2.5;sana;26.2;10;17.5;9.1;1;6.4;1;Regular
S01641;75.0;atigrado;0;475.9;3.4;sana;36.0;3;12.4;2.1;0;8.1;0;Buena
S01642;147.5;blanco;0;507.7;2.8;sana;37.6;8;16.0;9.6;0;7.0;0;Regular
S01643;79.1;blanco;1;419.9;2.8;nuche;26.3;4;15.8;0.8;0;5.1;1;Regular
S01644;52.7;rojo;0;436.9;3.3;sana;36.6;1;12.1;2.6;0;8.0;0;Buena
S01645;148.2;amarillo;1;488.4;3.2;sana;28.5;10;14.3;11.9;1;7.0;1;Mala
S01646;115.3;rojo;0;469.6;3.2;sana;32.1;7;15.2;4.8;0;7.4;0;Regular
S01647;105.4;rojo;1;427.6;2.3;nuche;24.6;6;14.7;10.2;0;5.3;0;Regular
S01648;103.1;amarillo;0;458.8;3.4;sana;39.7;4;14.7;5.7;0;8.0;0;Regular
S01649;138.3;amarillo;1;432.9;2.5;nuche;35.5;7;17.2;6.1;0;5.7;1;Regular
S01650;103.7;amarillo;0;459.4;3.0;sana;27.8;6;12.9;5.0;0;7.6;0;Buena
S01651;143.9;rojo;1;483.2;3.3;sana;32.6;9;12.3;10.0;0;8.0;0;Buena
S01652;88.5;amarillo;0;461.1;3.2;sana;36.1;4;12.4;4.6;0;7.8;0;Buena
S01653;170.7;rojo;0;480.9;3.9;sana;27.8;10;15.3;8.6;0;7.9;0;Regular
S01654;134.4;blanco;1;461.7;2.7;nuche;37.5;7;14.1;1.6;0;5.5;1;Regular
S01655;55.8;blanco;0;413.7;2.3;nuche;27.2;2;16.6;11.9;1;5.2;1;Mala
S01656;111.3;jaspeado;0;481.4;3.5;sana;34.5;5;12.5;10.4;0;7.0;0;Buena
S01657;140.4;negro;0;486.4;3.6;sana;35.4;8;12.9;7.8;0;7.8;0;Buena
S01658;66.0;careto;1;448.5;3.6;sana;29.9;3;12.0;8.2;0;9.1;0;Buena
S01659;183.4;rojo;0;494.8;3.2;sana;36.2;12;14.6;7.0;0;7.3;1;Regular
S01660;111.9;blanco;1;448.9;2.4;nuche;29.3;6;19.6;0.6;1;5.0;1;Mala
S01661;146.5;blanco;0;441.9;2.8;nuche;33.6;8;16.8;12.0;0;7.1;0;Regular
S01662;52.6;negro;0;449.4;3.4;sana;28.0;2;10.8;9.2;0;7.8;0;Buena
S01663;171.0;amarillo;0;494.7;3.5;sana;26.2;11;14.9;8.0;0;8.6;0;Regular
S01664;188.2;negro;1;487.4;3.1;sana;37.0;11;14.9;0.7;0;7.9;0;Regular
S01665;85.2;blanco;0;468.6;3.7;sana;27.3;5;11.1;9.8;0;8.1;0;Buena
S01666;174.4;pardo;0;491.7;2.9;sana;35.4;10;19.5;1.0;1;5.2;1;Mala
S01667;104.3;amarillo;1;412.9;2.0;nuche;37.7;5;15.4;4.3;1;5.6;1;Mala
S01668;63.7;blanco;0;442.5;3.5;sana;38.8;1;12.4;4.9;0;8.1;0;Buena
S01669;160.9;amarillo;1;479.6;2.9;sana;32.3;9;14.5;10.1;0;7.5;1;Regular
S01670;89.5;blanco;1;472.2;3.3;sana;40.0;4;12.2;3.0;0;7.6;0;Buena
S01671;129.1;blanco;0;478.8;3.4;sana;32.9;7;14.3;14.3;0;6.7;1;Regular
S01672;148.2;rojo;0;483.6;3.0;sana;37.9;8;14.6;11.8;0;8.2;0;Regular
S01673;117.0;blanco;0;473.1;3.8;sana;34.5;6;14.6;2.3;0;7.9;0;Regular
S01674;142.4;amarillo;0;471.7;3.2;sana;34.3;9;13.8;8.8;0;7.1;0;Buena
S01675;36.1;rojo;0;429.6;3.1;sana;33.0;1;10.6;3.4;0;7.5;0;Buena
S01676;120.6;rojo;0;449.3;1.8;enferma;32.5;6;18.1;14.0;0;5.2;1;Mala
S01677;110.4;negro;0;439.4;2.3;enferma;26.2;6;16.1;8.6;0;5.8;0;Regular
S01678;116.9;amarillo;0;463.4;3.9;sana;24.7;7;12.9;12.2;0;8.1;0;Buena
S01679;107.3;amarillo;1;465.2;3.0;sana;26.3;7;15.1;7.7;1;6.8;1;Regular
S01680;124.0;atigrado;0;439.7;2.5;sana;29.5;7;16.6;9.3;1;6.4;1;Mala
S01681;182.6;blanco;1;481.1;3.0;sana;28.2;12;14.2;8.2;0;7.4;0;Regular
S01682;133.8;atigrado;0;466.8;3.1;sana;38.1;7;14.0;13.5;0;8.3;0;Buena
S01683;112.4;amarillo;0;430.0;2.5;nuche;36.6;5;16.7;1.1;0;6.3;0;Regular
S01684;118.6;pardo;0;432.4;2.5;nuche;27.2;7;18.4;17.3;1;5.6;1;Mala
S01685;60.6;rojo;0;468.1;4.0;sana;30.3;3;13.0;6.1;0;8.7;0;Buena
S01686;129.8;rojo;0;454.6;2.9;sana;36.3;7;14.1;13.8;0;7.2;0;Regular
S01687;118.5;rojo;0;476.1;3.4;sana;29.1;7;13.7;6.3;0;8.1;0;Buena
S01688;79.2;crema;0;451.4;3.2;sana;33.1;3;13.8;13.4;0;8.8;0;Buena
S01689;138.7;atigrado;1;476.4;3.1;sana;24.5;8;14.2;1.9;0;6.9;0;Regular
S01690;39.6;rojo;0;451.8;3.5;sana;29.5;1;10.8;7.3;0;8.7;0;Buena
S01691;168.2;blanco;1;477.0;2.4;sana;35.6;11;15.9;6.4;1;6.1;1;Mala
S01692;120.9;pardo;0;460.4;3.0;sana;34.7;7;15.4;5.4;1;7.4;1;Mala
S01693;152.5;atigrado;0;475.6;3.4;sana;34.0;9;15.3;5.3;0;8.0;1;Regular
S01694;105.9;amarillo;0;483.9;3.8;sana;27.0;6;13.2;13.2;0;8.7;0;Buena
S01695;109.2;atigrado;0;454.3;3.5;sana;36.0;5;14.8;7.8;0;7.3;0;Regular
S01696;60.6;blanco;0;463.8;3.2;sana;27.7;2;14.1;8.4;0;6.9;0;Regular
S01697;45.1;rojo;0;456.9;3.8;sana;37.1;1;12.9;5.7;0;8.3;0;Buena
S01698;153.1;rojo;1;485.2;2.8;sana;38.7;8;15.1;2.3;1;6.5;1;Mala
S01699;81.9;amarillo;0;474.4;3.6;sana;36.6;4;13.1;5.0;0;9.1;0;Buena
S01700;87.0;blanco;0;475.2;3.7;sana;27.1;5;12.6;7.7;0;9.5;0;Buena
S01701;141.6;pardo;0;470.5;3.2;sana;31.7;8;17.0;15.9;1;6.7;0;Regular
S01702;88.3;amarillo;0;459.9;3.0;sana;32.1;4;11.6;5.7;0;7.5;0;Buena
S01703;120.7;rojo;0;473.5;3.5;sana;31.1;6;11.9;6.7;0;7.6;0;Buena
S01704;81.0;pardo;0;449.0;3.3;sana;25.3;4;15.0;2.0;1;6.4;0;Regular
S01705;122.3;negro;1;494.2;3.4;sana;39.0;6;14.1;10.7;0;7.5;1;Regular
S01706;37.3;careto;0;428.6;3.1;sana;35.0;1;10.6;2.5;0;8.2;1;Buena
S01707;172.9;pardo;0;495.8;3.4;sana;25.1;11;14.3;7.8;0;7.3;1;Regular
S01708;137.3;rojo;0;485.1;3.4;sana;36.3;7;15.5;1.9;0;6.7;0;Regular
S01709;37.4;negro;0;432.2;2.9;sana;34.4;1;11.4;5.8;0;6.9;0;Buena
S01710;64.4;amarillo;0;446.1;2.8;sana;35.2;3;14.5;8.1;1;5.7;1;Mala
S01711;118.1;blanco;1;455.8;2.8;sana;24.1;7;14.1;3.7;0;6.3;0;Regular
S01712;100.7;negro;0;479.1;3.5;sana;30.2;6;12.3;9.0;0;7.4;0;Buena
S01713;113.1;blanco;0;478.6;3.1;sana;29.7;7;12.9;7.0;0;7.7;0;Buena
S01714;106.7;rojo;0;445.9;2.9;sana;36.0;5;15.8;15.1;1;5.5;1;Regular
S01715;157.3;jaspeado;1;489.2;3.6;sana;35.6;10;15.3;1.5;0;8.2;1;Regular
S01716;64.6;negro;1;438.2;3.6;sana;32.5;2;11.4;4.4;0;9.5;0;Buena
S01717;114.6;negro;1;472.5;3.4;sana;32.9;6;15.8;3.6;1;6.3;1;Regular
S01718;89.1;atigrado;0;453.7;3.2;sana;39.3;3;12.9;4.9;0;7.7;1;Buena
S01719;76.7;rojo;0;466.7;3.4;sana;25.5;3;11.8;2.3;0;8.3;0;Buena
S01720;155.0;cafe;0;451.1;2.7;sana;31.7;9;13.9;3.5;0;6.9;0;Buena
S01721;105.1;blanco;0;441.8;2.1;nuche;26.2;6;16.9;8.7;1;5.1;1;Mala
S01722;189.2;jaspeado;1;471.1;2.9;sana;27.4;12;15.2;1.4;0;7.4;1;Regular
S01723;107.0;cafe;0;470.2;3.5;sana;26.8;6;12.2;6.0;0;8.2;0;Buena
S01724;173.3;negro;0;487.6;3.1;sana;33.3;10;15.3;11.7;0;6.9;1;Regular
S01725;188.6;rojo;0;488.4;3.9;sana;25.8;13;15.0;3.6;0;7.9;1;Regular
S01726;125.1;blanco;1;461.0;3.1;sana;37.4;7;12.1;9.4;0;7.9;0;Buena
S01727;185.0;pardo;0;420.6;1.1;nuche;32.8;11;22.1;2.9;1;5.1;1;Mala
S01728;103.4;rojo;0;471.9;2.9;sana;26.9;5;11.8;9.8;0;6.7;0;Buena
S01729;175.3;amarillo;0;495.0;3.1;sana;27.0;11;16.3;1.6;1;8.0;1;Regular
S01730;72.0;rojo;1;443.0;3.2;sana;27.9;3;11.4;8.8;0;7.4;0;Buena
S01731;137.9;rojo;0;489.4;3.2;sana;26.2;9;11.8;2.1;0;8.4;0;Buena
S01732;65.0;blanco;0;486.7;3.9;sana;30.4;3;12.3;5.3;0;8.8;0;Buena
S01733;137.2;blanco;0;487.8;3.4;sana;26.9;9;16.8;8.8;1;5.4;0;Mala
S01734;45.4;blanco;1;442.9;3.0;sana;30.9;1;14.8;2.5;1;6.1;0;Regular
S01735;59.9;atigrado;1;454.7;3.1;sana;27.9;2;11.9;8.3;0;7.8;0;Buena
S01736;101.6;amarillo;0;451.6;2.9;enferma;24.1;5;15.1;9.4;0;6.4;1;Regular
S01737;83.9;blanco;0;470.9;3.0;sana;25.5;4;15.7;12.9;1;7.3;1;Regular
S01738;85.2;rojo;0;483.1;3.5;sana;26.8;4;11.1;7.4;0;8.2;0;Buena
S01739;123.8;rojo;0;463.0;3.0;sana;28.0;7;11.8;0.2;0;8.4;0;Excelente
S01740;55.5;blanco;0;444.6;3.7;sana;30.1;1;12.8;3.8;0;8.3;0;Buena
S01741;75.6;negro;1;415.3;2.1;enferma;32.4;3;14.8;5.4;0;6.0;0;Regular
S01742;63.2;cafe;0;455.6;3.3;sana;29.5;2;12.5;2.0;0;7.3;0;Buena
S01743;116.6;blanco;0;480.7;3.2;sana;39.8;5;15.1;9.1;0;7.0;1;Regular
S01744;128.5;pardo;0;479.7;3.5;sana;28.1;8;13.3;7.8;0;9.0;0;Buena
S01745;68.7;rojo;0;451.4;3.6;sana;34.3;2;11.6;6.7;0;8.5;0;Buena
S01746;143.8;pardo;1;463.7;3.2;nuche;37.7;8;18.9;15.1;1;8.9;0;Buena
S01747;181.6;amarillo;0;487.3;3.5;sana;30.7;11;16.6;11.4;1;7.9;1;Regular
S01748;172.6;blanco;1;498.3;3.1;sana;39.5;10;15.9;14.0;0;7.0;0;Regular
S01749;38.6;rojo;0;470.1;3.6;sana;33.2;1;11.3;10.2;0;7.7;0;Buena
S01750;108.6;blanco;0;434.2;2.3;nuche;36.8;6;15.9;10.9;0;6.2;0;Regular
S01751;111.5;blanco;0;447.6;2.9;nuche;28.8;6;16.7;4.1;1;5.0;0;Regular
S01752;139.4;rojo;0;459.1;3.0;sana;35.5;8;14.1;5.3;0;8.3;0;Regular
S01753;68.1;blanco;0;467.9;3.4;sana;29.9;2;11.7;5.6;0;7.8;0;Buena
S01754;43.9;rojo;0;457.0;3.7;sana;34.9;1;10.4;7.7;0;8.7;0;Buena
S01755;184.3;rojo;0;491.7;3.4;sana;25.4;12;16.4;14.5;0;8.4;1;Regular
S01756;172.5;rojo;0;496.9;3.0;sana;27.9;11;13.8;7.6;0;7.3;0;Buena
S01757;156.7;atigrado;0;481.6;2.7;sana;34.9;9;15.1;5.3;0;7.6;0;Regular
S01758;171.2;pardo;0;481.4;3.4;sana;31.6;10;14.4;13.8;0;7.3;1;Regular
S01759;127.9;rojo;0;487.4;3.9;sana;36.1;7;14.0;0.5;0;7.8;0;Buena
S01760;41.2;rojo;0;451.7;3.8;sana;26.4;1;11.0;3.7;0;8.0;0;Buena
S01761;63.8;rojo;0;392.7;2.2;nuche;30.9;3;15.9;0.6;0;5.8;0;Regular
S01762;48.1;amarillo;1;445.9;3.6;sana;39.8;1;13.2;6.6;0;8.0;0;Buena
S01763;48.4;negro;0;434.7;3.8;sana;27.4;1;11.8;3.6;0;9.0;0;Buena
S01764;153.7;rojo;0;485.4;2.8;sana;35.5;9;13.1;7.2;0;8.3;0;Buena
S01765;145.7;rojo;0;488.2;3.6;sana;30.0;8;14.0;3.2;0;7.6;0;Buena
S01766;101.1;rojo;1;475.7;3.6;sana;31.7;6;12.9;4.6;0;8.6;0;Buena
S01767;41.0;negro;0;455.2;3.0;sana;32.8;1;11.5;5.2;0;7.0;1;Buena
S01768;86.4;rojo;1;456.1;3.0;nuche;35.9;3;15.7;13.2;0;6.3;0;Regular
S01769;143.8;pardo;0;455.0;2.3;nuche;37.8;8;19.6;3.7;1;5.3;1;Mala
S01770;174.7;atigrado;0;477.5;3.3;sana;25.3;12;12.7;8.8;0;8.1;0;Buena
S01771;131.9;blanco;0;456.2;2.7;sana;35.3;7;16.1;6.0;0;7.2;0;Regular
S01772;169.3;rojo;0;471.5;3.2;sana;27.4;11;13.3;7.6;0;7.7;1;Buena
S01773;44.5;rojo;0;428.0;2.8;sana;37.9;1;10.4;1.6;0;7.4;0;Excelente
S01774;150.7;rojo;0;477.5;3.1;sana;33.4;9;16.0;15.8;1;7.6;1;Regular
S01775;48.9;jaspeado;0;447.6;4.0;sana;24.9;2;12.3;5.5;0;8.5;0;Buena
S01776;43.3;atigrado;0;457.7;3.6;sana;32.8;1;10.2;2.4;0;7.8;0;Buena
S01777;54.4;negro;0;438.2;3.2;sana;25.6;2;12.6;5.3;0;6.7;0;Buena
S01778;159.8;amarillo;0;467.3;2.5;nuche;36.0;9;16.7;14.8;0;5.1;1;Regular
S01779;60.6;rojo;0;475.8;3.8;sana;32.6;2;13.3;6.6;0;8.3;0;Buena
S01780;94.7;blanco;0;426.1;2.4;enferma;24.5;6;12.7;0.0;0;7.0;0;Buena
S01781;133.7;crema;0;475.6;3.5;sana;26.1;9;13.7;0.6;0;7.7;0;Buena
S01782;122.1;blanco;0;442.7;2.7;sana;27.1;7;15.6;12.7;1;7.5;0;Mala
S01783;159.6;amarillo;0;461.1;2.7;nuche;39.2;9;18.0;16.8;0;6.1;0;Regular
S01784;166.5;jaspeado;1;443.3;2.7;enferma;30.4;10;18.0;1.5;0;6.0;1;Regular
S01785;103.1;atigrado;1;458.8;3.5;sana;38.4;4;13.1;6.4;0;8.2;0;Buena
S01786;94.7;negro;0;412.2;2.5;enferma;34.0;5;17.6;2.4;1;5.2;0;Regular
S01787;159.1;pardo;0;487.1;2.6;sana;28.5;10;14.0;8.1;0;7.5;1;Buena
S01788;54.7;blanco;1;442.7;2.8;enferma;33.4;1;14.8;4.3;0;6.5;1;Regular
S01789;106.8;negro;1;460.2;3.5;sana;28.9;6;12.7;6.0;0;7.4;0;Buena
S01790;70.0;blanco;0;469.5;3.7;sana;32.9;2;11.5;4.8;0;7.9;0;Buena
S01791;127.3;rojo;0;445.8;2.5;nuche;32.6;8;15.0;0.0;0;5.1;1;Regular
S01792;93.5;amarillo;0;487.8;3.0;sana;30.8;4;13.6;6.7;0;8.0;0;Buena
S01793;159.5;rojo;0;465.3;3.4;sana;33.2;9;14.8;1.2;0;7.4;0;Regular
S01794;145.2;blanco;1;475.3;3.1;sana;34.0;9;14.1;10.0;0;7.7;0;Regular
S01795;187.3;amarillo;0;471.8;2.9;sana;37.4;11;14.2;3.8;0;7.4;1;Regular
S01796;91.2;blanco;0;472.0;3.4;sana;30.5;4;13.1;7.4;0;9.1;0;Buena
S01797;45.4;amarillo;0;421.9;3.0;sana;25.4;1;11.5;1.7;0;8.5;0;Excelente
S01798;69.1;careto;0;458.4;3.0;sana;30.6;3;12.4;11.8;0;6.6;0;Buena
S01799;78.3;pardo;1;447.0;4.0;sana;24.1;4;12.6;11.1;0;9.7;0;Buena
S01800;179.0;rojo;1;459.9;2.4;nuche;29.5;11;19.0;5.1;0;3.0;1;Mala
S01801;57.2;amarillo;0;415.0;3.1;sana;30.3;2;11.8;1.8;0;8.5;0;Excelente
S01802;149.8;crema;1;474.1;2.6;sana;35.8;9;17.2;13.5;1;5.3;1;Mala
S01803;39.0;negro;0;444.7;3.5;sana;26.2;1;10.9;4.3;0;7.9;0;Buena
S01804;36.4;negro;0;453.6;3.1;sana;31.7;1;12.6;7.7;0;8.2;0;Buena
S01805;59.6;blanco;1;431.3;3.1;sana;28.9;2;11.7;6.3;0;7.8;0;Buena
S01806;156.2;rojo;0;469.7;3.1;sana;31.1;9;14.0;4.2;0;6.4;0;Regular
S01807;134.4;rojo;0;490.8;3.6;sana;31.5;7;12.8;9.3;0;7.9;0;Buena
S01808;174.2;negro;0;501.2;2.9;sana;28.8;12;15.6;1.7;1;6.5;1;Regular
S01809;168.3;blanco;0;471.0;3.0;sana;34.6;10;14.0;13.2;0;7.9;0;Buena
S01810;52.0;rojo;0;462.4;3.2;sana;31.8;2;12.5;8.3;0;9.0;0;Buena
S01811;184.9;rojo;1;482.0;3.4;sana;36.0;11;13.5;4.9;0;8.2;0;Buena
S01812;59.9;crema;0;419.2;2.8;nuche;34.0;2;14.9;11.7;0;5.6;1;Regular
S01813;107.6;rojo;0;429.1;2.1;enferma;31.1;5;19.9;16.3;1;5.1;1;Mala
S01814;145.9;negro;0;486.2;3.3;sana;27.5;9;13.7;2.6;0;7.8;0;Buena
S01815;89.6;blanco;0;448.2;3.4;sana;25.7;4;11.2;0.4;0;8.8;0;Excelente
S01816;117.5;rojo;1;425.5;2.3;nuche;26.5;7;15.7;12.4;0;5.3;0;Regular
S01817;90.4;rojo;0;441.7;2.5;enferma;29.9;4;14.3;6.5;0;6.4;1;Regular
S01818;49.1;rojo;0;450.5;3.8;sana;36.1;1;12.6;3.9;0;8.5;0;Buena
S01819;102.6;pardo;0;463.0;2.7;sana;35.4;5;13.4;3.6;0;7.4;0;Buena
S01820;185.9;blanco;0;415.1;1.7;nuche;34.8;12;18.2;15.0;1;4.1;1;Mala
S01821;182.1;blanco;1;467.8;3.0;sana;37.0;11;14.9;11.4;0;7.8;1;Regular
S01822;160.8;blanco;0;477.3;3.6;sana;26.7;11;13.4;12.4;0;7.8;0;Buena
S01823;160.1;amarillo;0;487.2;3.5;sana;28.9;10;13.3;5.0;0;8.5;0;Buena
S01824;162.1;rojo;0;478.5;2.5;sana;25.6;10;15.4;3.3;0;6.3;0;Regular
S01825;141.8;amarillo;1;507.9;3.7;sana;34.3;9;11.2;3.4;0;9.0;0;Buena
S01826;112.5;amarillo;0;487.0;3.7;sana;24.4;7;12.9;0.8;0;8.7;0;Buena
S01827;67.9;rojo;1;449.1;3.3;sana;38.1;2;12.9;12.8;0;7.5;0;Buena
S01828;119.7;careto;0;471.0;3.3;sana;30.0;6;13.4;12.8;0;8.1;0;Buena
S01829;166.2;rojo;1;495.6;3.4;sana;32.0;10;17.2;11.3;1;5.9;1;Mala
S01830;82.0;blanco;1;428.7;3.1;sana;35.5;3;12.5;10.0;0;7.2;0;Buena
S01831;151.6;blanco;1;491.3;3.1;sana;37.0;8;13.1;0.9;0;7.3;1;Buena
S01832;97.2;negro;0;484.6;3.4;sana;24.2;6;14.7;5.9;1;8.2;0;Regular
S01833;97.8;amarillo;1;487.2;3.4;sana;35.8;4;12.3;0.1;0;7.1;0;Buena
S01834;155.0;rojo;1;484.5;3.3;sana;28.8;9;15.0;13.3;0;7.4;1;Regular
S01835;177.4;rojo;1;492.7;3.2;sana;29.5;12;16.9;15.4;1;7.3;1;Regular
S01836;115.0;blanco;0;480.0;3.1;sana;24.2;7;13.7;6.8;0;7.2;0;Buena
S01837;89.2;negro;0;422.8;2.5;nuche;28.9;5;14.8;5.8;0;5.7;0;Regular
S01838;121.5;rojo;1;481.8;3.1;sana;28.1;7;13.8;6.0;0;8.1;0;Buena
S01839;86.0;cafe;0;419.8;2.0;nuche;36.8;3;16.6;7.8;0;5.8;1;Regular
S01840;125.3;negro;0;466.7;3.0;sana;29.3;7;16.7;13.0;0;7.4;0;Regular
S01841;42.7;rojo;0;451.8;3.4;sana;36.8;1;12.7;10.7;0;8.3;0;Buena
S01842;166.7;jaspeado;0;480.8;3.3;sana;38.2;9;15.1;15.0;0;7.3;1;Regular
S01843;80.6;blanco;0;486.6;3.7;sana;32.2;3;11.8;4.0;0;8.1;0;Buena
S01844;125.3;blanco;1;498.3;3.1;sana;32.5;7;14.0;8.4;0;7.2;0;Buena
S01845;98.8;rojo;1;451.8;3.5;sana;32.8;6;11.5;6.9;0;8.4;0;Buena
S01846;123.0;pardo;1;488.2;3.0;sana;31.5;8;13.0;1.1;0;7.5;0;Buena
S01847;55.0;negro;0;441.3;3.2;sana;36.7;1;12.0;2.8;0;7.0;1;Buena
S01848;58.0;blanco;0;455.5;3.0;sana;30.1;2;13.6;5.1;0;7.8;0;Buena
S01849;177.2;rojo;0;482.3;2.7;sana;29.5;11;14.7;7.4;0;7.6;1;Regular
S01850;157.0;pardo;1;462.7;2.8;sana;37.2;9;14.4;13.9;0;6.0;1;Regular
S01851;37.5;rojo;0;431.5;3.3;sana;26.3;1;12.5;12.1;0;8.9;0;Buena
S01852;168.4;cafe;0;491.6;3.3;sana;31.1;10;16.0;2.7;0;7.4;1;Regular
S01853;174.9;amarillo;0;435.8;2.0;nuche;33.0;10;18.8;10.2;0;4.6;1;Mala
S01854;177.6;negro;1;472.8;3.1;sana;25.2;11;12.9;10.5;0;8.0;0;Buena
S01855;82.3;negro;1;456.7;3.4;sana;32.7;3;13.3;7.0;0;9.0;0;Buena
S01856;39.3;blanco;0;459.6;4.2;sana;24.1;1;10.9;3.0;0;8.9;0;Buena
S01857;46.5;pardo;1;435.4;3.1;sana;38.0;1;12.1;8.2;0;8.0;0;Buena
S01858;71.4;blanco;1;427.3;3.1;sana;36.3;3;13.0;6.6;0;7.0;0;Regular
S01859;69.3;negro;0;457.1;3.4;sana;36.7;2;13.2;6.4;0;9.0;0;Buena
S01860;144.4;blanco;0;463.9;2.8;sana;24.7;10;11.7;1.5;0;8.1;0;Excelente
S01861;43.1;pardo;1;455.2;3.1;sana;29.6;2;12.4;7.1;0;6.2;0;Regular
S01862;113.9;blanco;1;469.4;3.3;sana;39.0;5;13.8;11.1;0;7.9;0;Buena
S01863;185.9;crema;0;481.0;2.5;sana;31.4;11;17.7;8.3;1;6.2;1;Mala
S01864;89.3;amarillo;0;460.5;3.1;sana;25.1;4;14.6;6.6;0;6.1;0;Regular
S01865;107.0;rojo;0;444.3;3.0;sana;34.2;6;13.8;6.8;0;7.1;0;Buena
S01866;53.0;crema;0;458.8;3.5;sana;27.6;1;12.8;0.6;0;7.8;0;Buena
S01867;38.9;rojo;0;445.4;3.5;sana;30.7;1;12.3;5.2;0;8.6;0;Buena
S01868;80.3;rojo;0;456.0;3.0;sana;35.1;4;10.5;8.2;0;8.6;0;Buena
S01869;183.4;crema;0;505.5;3.5;sana;25.6;12;15.6;2.9;0;7.8;1;Regular
S01870;111.7;pardo;0;437.4;3.3;enferma;24.2;7;17.6;5.8;1;6.4;1;Regular
S01871;83.2;amarillo;0;427.4;3.0;sana;36.7;3;11.8;5.7;0;8.0;0;Buena
S01872;74.4;blanco;0;459.0;3.1;sana;36.3;3;12.4;0.5;0;8.7;1;Buena
S01873;41.8;atigrado;1;453.0;3.6;sana;31.3;1;11.5;2.9;0;7.8;0;Buena
S01874;180.5;blanco;0;464.7;2.6;sana;26.0;11;14.4;6.4;0;7.4;0;Regular
S01875;70.6;rojo;0;483.8;4.0;sana;30.4;4;12.3;2.3;0;8.7;0;Buena
S01876;121.9;rojo;0;479.3;4.2;sana;36.8;6;13.7;4.7;0;8.0;0;Buena
S01877;63.8;rojo;0;455.4;3.5;sana;26.4;2;13.7;9.8;0;8.3;0;Buena
S01878;42.9;crema;0;452.4;3.4;sana;37.1;1;11.3;3.7;0;8.0;0;Buena
S01879;184.8;blanco;0;493.3;3.5;sana;26.4;12;14.2;1.1;0;7.0;1;Regular
S01880;49.5;rojo;0;452.9;3.5;sana;39.1;1;12.7;12.4;0;8.4;0;Buena
S01881;70.4;blanco;0;443.2;3.5;sana;36.2;3;11.4;8.6;0;9.4;0;Buena
S01882;96.4;pardo;1;466.8;3.2;sana;34.4;4;15.0;6.2;0;6.9;0;Regular
S01883;118.6;rojo;0;496.2;3.6;sana;29.1;7;10.8;3.1;0;8.6;0;Buena
S01884;113.2;rojo;0;485.0;4.1;sana;31.4;7;13.4;10.0;0;9.5;0;Excelente
S01885;79.8;blanco;0;483.6;3.4;sana;35.7;3;11.6;6.9;0;8.4;0;Buena
S01886;137.1;rojo;1;466.4;3.3;sana;30.5;8;13.6;4.8;0;8.5;0;Buena
S01887;132.7;blanco;0;442.4;2.3;enferma;36.1;7;17.6;12.6;1;4.8;1;Mala
S01888;121.3;blanco;0;476.6;3.4;sana;26.5;8;12.7;9.2;0;8.0;0;Buena
S01889;43.7;rojo;0;418.9;3.2;nuche;36.2;1;13.2;3.7;0;7.2;0;Buena
S01890;76.1;negro;0;454.4;3.3;nuche;30.1;3;13.6;6.7;0;7.8;0;Buena
S01891;43.0;blanco;0;446.3;3.5;sana;27.3;1;12.0;5.3;0;8.1;0;Buena
S01892;56.7;negro;0;457.2;3.0;sana;36.1;2;11.7;7.9;0;8.2;0;Buena
S01893;52.7;careto;0;433.2;3.2;sana;28.5;1;12.6;1.7;0;8.8;0;Buena
S01894;39.7;amarillo;0;446.8;3.0;sana;24.5;1;10.9;2.3;0;7.3;0;Buena
S01895;116.1;negro;0;489.0;3.8;sana;27.4;7;12.8;0.8;0;8.6;0;Buena
S01896;60.2;rojo;0;444.4;3.0;enferma;31.9;2;13.4;5.5;0;7.2;0;Buena
S01897;114.8;negro;1;481.6;3.7;sana;33.7;6;16.9;2.8;1;7.8;0;Regular
S01898;80.2;rojo;0;465.2;3.6;sana;37.6;3;13.7;0.6;0;9.7;0;Buena
S01899;61.6;pardo;0;423.7;2.8;sana;25.1;2;14.4;7.0;1;5.5;1;Mala
S01900;130.6;blanco;0;487.0;3.8;sana;25.3;9;12.4;10.6;0;8.8;0;Buena
S01901;159.1;rojo;0;520.4;3.5;sana;32.7;9;14.4;4.3;0;7.7;0;Regular
S01902;170.2;crema;1;482.2;2.9;sana;34.9;10;16.1;4.0;0;6.8;1;Regular
S01903;76.6;crema;0;422.5;2.0;nuche;33.1;3;15.7;11.5;0;4.9;0;Regular
S01904;128.3;jaspeado;0;473.6;3.1;sana;32.8;7;14.3;1.3;0;6.3;1;Regular
S01905;168.1;pardo;0;495.2;3.0;sana;39.2;9;17.2;10.1;1;6.9;1;Regular
S01906;91.6;amarillo;0;485.6;4.0;sana;36.9;4;12.5;2.7;0;8.7;0;Buena
S01907;90.5;crema;1;458.9;3.1;sana;39.1;4;14.3;6.5;0;7.4;0;Regular
S01908;180.4;rojo;0;492.4;2.7;sana;38.7;10;18.3;13.7;1;5.7;1;Mala
S01909;133.0;atigrado;1;496.9;3.5;sana;24.3;9;12.4;8.0;0;8.4;0;Buena
S01910;73.2;blanco;1;455.0;3.5;sana;32.5;3;12.1;4.8;0;8.6;0;Buena
S01911;103.9;cafe;0;468.5;3.2;sana;38.0;5;12.1;3.1;0;8.0;0;Buena
S01912;98.4;amarillo;0;432.1;3.1;nuche;31.3;5;13.0;2.9;0;7.4;0;Buena
S01913;66.4;rojo;0;472.1;3.6;sana;32.4;3;10.9;9.1;0;8.3;1;Buena
S01914;178.0;rojo;0;459.4;2.6;nuche;37.0;10;16.6;11.0;0;6.7;1;Regular
S01915;144.0;rojo;0;482.0;2.6;sana;39.8;8;14.7;13.3;0;5.8;1;Regular
S01916;143.0;blanco;1;490.6;3.5;sana;39.7;8;15.2;12.6;0;9.3;1;Regular
S01917;123.5;rojo;0;434.7;2.5;nuche;28.4;7;16.4;9.2;0;6.4;0;Regular
S01918;185.3;rojo;0;463.7;2.5;nuche;34.5;11;18.6;17.8;0;5.3;1;Mala
S01919;153.8;crema;0;473.5;2.6;nuche;30.9;9;18.1;8.4;0;5.9;1;Mala
S01920;57.0;amarillo;0;456.8;3.7;sana;33.8;1;12.4;7.3;0;7.8;0;Buena
S01921;81.6;atigrado;0;486.5;3.9;sana;24.1;4;12.6;10.6;0;9.0;0;Buena
S01922;182.9;negro;1;514.3;2.9;sana;33.7;11;19.6;0.9;1;6.6;1;Mala
S01923;138.8;blanco;1;479.7;3.7;sana;25.2;9;13.6;10.5;0;7.9;0;Buena
S01924;49.5;rojo;1;460.5;3.0;sana;32.2;1;13.0;7.4;0;8.1;0;Buena
S01925;176.6;pardo;0;473.5;3.1;sana;27.1;11;17.0;16.0;1;6.3;1;Mala
S01926;99.6;crema;0;468.6;3.3;sana;30.7;5;18.4;0.4;1;6.5;1;Mala
S01927;97.2;rojo;0;457.4;3.4;sana;34.1;4;13.9;1.6;0;7.6;0;Buena
S01928;65.1;crema;0;458.6;3.4;sana;37.6;2;15.1;8.6;1;7.6;0;Regular
S01929;157.4;negro;0;471.0;3.5;sana;30.4;9;15.9;13.4;1;6.9;1;Regular
S01930;64.7;rojo;0;444.3;3.0;sana;28.1;2;14.2;6.1;0;6.2;0;Regular
S01931;170.3;jaspeado;1;465.2;2.5;sana;27.6;11;15.8;1.3;1;6.4;1;Mala
S01932;137.6;blanco;0;456.0;2.6;nuche;35.2;8;14.7;5.2;0;6.1;0;Regular
S01933;77.0;rojo;1;457.4;3.4;sana;30.6;3;12.5;4.1;0;8.9;1;Buena
S01934;131.9;rojo;0;495.4;3.0;sana;31.8;7;15.5;12.9;0;6.7;1;Regular
S01935;89.3;negro;0;469.0;3.4;sana;35.5;5;16.4;7.5;1;8.0;1;Regular
S01936;90.7;cafe;0;451.2;3.2;sana;25.7;5;12.5;10.0;0;7.8;0;Buena
S01937;40.9;cafe;0;458.5;3.7;sana;26.7;2;12.0;10.1;0;8.7;0;Buena
S01938;141.2;negro;1;476.3;3.1;sana;31.1;8;13.9;2.6;0;7.9;0;Buena
S01939;166.1;negro;1;490.0;3.6;sana;37.3;10;15.0;13.3;0;7.1;1;Regular
S01940;148.6;rojo;0;482.2;3.2;sana;24.3;9;14.3;7.7;0;7.4;0;Regular
S01941;62.6;blanco;1;473.6;3.5;sana;39.9;2;13.9;0.0;0;7.7;0;Buena
S01942;171.1;blanco;1;466.8;3.0;sana;36.9;10;14.6;0.4;0;6.1;0;Regular
S01943;70.1;negro;0;462.1;3.6;sana;30.2;3;12.0;3.1;0;8.8;0;Buena
S01944;96.0;negro;1;469.8;3.0;sana;24.5;5;12.7;9.3;0;8.1;0;Buena
S01945;181.6;pardo;1;469.1;3.2;sana;26.1;12;14.2;11.4;0;6.0;1;Regular
S01946;148.5;careto;1;495.9;3.2;sana;35.3;8;14.0;7.7;0;8.2;0;Buena
S01947;187.6;blanco;0;476.5;2.9;sana;38.7;11;15.5;2.7;0;7.8;1;Regular
S01948;92.1;careto;1;411.9;1.9;nuche;36.4;4;14.7;10.4;0;5.2;1;Regular
S01949;48.7;negro;0;439.4;2.8;sana;27.8;2;12.0;0.1;0;7.8;0;Excelente
S01950;102.5;pardo;0;485.0;4.3;sana;38.4;5;13.6;9.4;0;9.9;0;Buena
S01951;63.9;rojo;0;478.6;3.4;sana;31.1;2;12.8;10.1;0;8.1;0;Buena
S01952;145.1;blanco;0;471.7;2.4;enferma;31.1;9;15.9;8.7;0;5.6;0;Regular
S01953;123.8;crema;1;475.1;3.7;sana;38.1;6;14.5;10.3;0;7.2;1;Regular
S01954;115.2;rojo;0;483.7;3.4;sana;26.1;6;12.0;8.2;0;7.9;0;Buena
S01955;150.0;blanco;0;472.8;3.0;sana;36.1;8;14.6;13.2;0;7.4;1;Regular
S01956;156.6;pardo;1;503.1;3.0;sana;36.0;9;14.6;9.4;0;6.5;1;Regular
S01957;114.9;amarillo;0;497.0;4.0;sana;27.8;6;13.4;0.1;0;8.7;0;Buena
S01958;130.8;atigrado;0;473.9;2.7;nuche;34.5;8;16.3;5.0;1;7.0;1;Regular
S01959;125.6;pardo;0;501.2;4.0;sana;34.2;7;13.7;13.6;0;9.1;0;Buena
S01960;149.0;rojo;0;441.1;2.2;nuche;27.3;9;17.7;14.4;1;4.8;1;Regular
S01961;114.0;rojo;0;489.0;3.3;sana;34.8;6;13.4;4.1;0;6.4;0;Buena
S01962;111.3;cafe;1;444.8;3.0;enferma;34.4;6;13.1;12.1;0;6.9;0;Buena
S01963;134.9;amarillo;0;466.1;3.1;sana;33.3;8;13.3;5.4;0;7.6;0;Buena
S01964;87.3;blanco;0;451.8;3.1;sana;36.2;3;12.8;5.9;0;8.7;0;Buena
S01965;54.3;blanco;1;461.1;3.8;sana;24.9;3;11.4;9.0;0;8.7;0;Buena
S01966;91.0;rojo;0;449.3;2.4;enferma;24.7;5;16.6;5.1;1;4.4;1;Mala
S01967;159.1;pardo;1;495.6;3.4;sana;32.8;10;15.1;11.1;0;6.1;1;Regular
S01968;103.4;rojo;0;446.0;3.0;sana;26.4;5;12.4;3.7;0;8.2;0;Buena
S01969;36.7;rojo;0;439.4;3.7;sana;29.4;1;10.1;5.0;0;8.5;0;Buena
S01970;84.0;pardo;1;437.1;3.0;sana;30.6;4;12.0;0.4;0;8.6;0;Excelente
S01971;97.6;rojo;0;456.1;3.3;sana;26.3;5;12.3;1.8;0;7.8;0;Buena
S01972;39.6;amarillo;0;421.8;2.5;sana;34.3;1;13.7;0.8;1;7.1;0;Buena
S01973;41.1;negro;0;425.9;3.0;sana;25.8;2;10.4;8.5;0;7.4;0;Buena
S01974;150.1;amarillo;0;493.5;3.5;sana;33.8;9;14.1;13.0;0;7.4;1;Regular
S01975;172.2;negro;0;505.6;3.6;sana;28.5;11;16.5;14.7;1;6.2;0;Regular
S01976;45.6;rojo;1;447.6;3.4;sana;37.3;1;17.5;0.9;1;7.0;1;Mala
S01977;113.5;rojo;0;471.7;3.3;sana;30.5;6;13.2;11.0;0;8.4;0;Buena
S01978;177.2;atigrado;1;480.6;2.8;sana;31.2;11;14.9;12.1;1;5.4;1;Mala
S01979;108.1;careto;1;451.5;3.4;sana;26.3;6;10.8;1.7;0;8.9;0;Excelente
S01980;158.7;amarillo;0;468.5;3.2;sana;35.3;9;14.3;7.0;0;5.9;1;Regular
S01981;95.6;blanco;0;481.6;3.6;sana;27.2;5;12.1;10.5;0;7.6;0;Buena
S01982;125.7;rojo;1;507.6;4.2;sana;36.2;7;11.7;3.2;0;8.0;0;Buena
S01983;129.0;atigrado;0;460.2;3.4;sana;24.3;8;13.3;9.6;0;8.9;0;Buena
S01984;62.3;negro;0;445.3;3.5;sana;24.9;2;15.1;6.7;1;8.0;0;Regular
S01985;81.2;amarillo;1;419.9;2.6;enferma;25.5;4;16.4;1.7;0;5.7;0;Regular
S01986;37.8;amarillo;0;462.0;3.7;sana;31.6;1;11.7;1.0;0;9.3;0;Excelente
S01987;108.5;crema;0;457.9;3.2;sana;34.4;5;14.0;8.4;0;9.1;0;Buena
S01988;151.2;rojo;0;471.9;2.9;sana;30.1;9;13.9;3.9;0;7.9;0;Buena
S01989;68.5;rojo;0;469.2;3.8;sana;37.6;3;12.6;7.7;0;9.2;0;Buena
S01990;151.7;blanco;0;477.0;2.8;sana;31.2;9;15.4;5.3;0;5.6;1;Regular
S01991;128.2;amarillo;0;477.7;3.6;sana;35.6;7;16.0;13.1;1;8.0;1;Regular
S01992;43.0;rojo;1;441.5;3.7;sana;33.0;1;12.1;1.8;0;8.7;0;Buena
S01993;54.0;blanco;1;414.3;3.3;sana;30.0;1;11.3;5.8;0;7.4;0;Buena
S01994;70.2;amarillo;1;444.6;3.1;sana;30.6;3;12.8;8.3;0;6.8;1;Buena
S01995;152.9;jaspeado;1;494.2;3.2;sana;28.2;9;11.7;3.5;0;6.1;1;Regular
S01996;172.2;negro;0;445.1;1.9;nuche;35.5;11;19.3;14.1;1;4.9;1;Mala
S01997;62.9;rojo;0;436.6;3.1;sana;35.5;2;14.4;6.2;0;7.2;0;Regular
S01998;160.5;rojo;1;484.9;3.7;sana;26.9;10;12.0;7.4;0;8.0;0;Buena
S01999;108.5;rojo;0;454.5;3.3;sana;31.2;6;15.5;11.2;1;6.7;1;Regular
S02000;189.2;crema;0;454.6;2.1;enferma;31.0;12;22.6;17.9;1;4.6;1;Mala
S02001;78.9;atigrado;0;446.4;3.5;sana;33.7;3;12.5;12.3;0;8.8;0;Buena
S02002;56.4;crema;0;460.3;3.6;sana;39.1;1;12.0;3.8;0;8.9;0;Buena
S02003;56.1;blanco;0;450.3;2.7;sana;27.4;2;12.8;11.6;0;7.8;0;Buena
S02004;79.8;negro;0;467.1;3.2;sana;37.8;3;12.3;6.0;0;7.4;0;Buena
S02005;152.8;amarillo;0;477.8;3.4;sana;35.2;10;12.4;4.4;0;9.2;1;Buena
S02006;179.2;amarillo;0;512.9;2.9;sana;26.8;12;15.2;6.6;0;7.2;0;Regular
S02007;130.5;rojo;0;492.8;3.6;sana;36.2;8;14.2;4.1;0;7.1;1;Regular
S02008;48.2;rojo;0;445.6;2.8;sana;32.6;1;12.5;9.3;0;7.4;0;Buena
S02009;94.8;negro;0;479.4;3.8;sana;38.9;4;14.7;11.4;0;7.9;0;Regular
S02010;94.3;amarillo;1;446.4;3.1;sana;39.9;4;13.6;10.1;0;8.4;0;Buena
S02011;70.2;blanco;0;412.9;2.6;nuche;36.1;2;14.2;2.7;0;5.0;0;Regular
S02012;105.7;blanco;0;472.7;3.3;sana;29.3;5;12.7;9.9;0;8.9;0;Buena
S02013;62.2;rojo;0;456.0;4.0;sana;38.6;1;12.7;4.2;0;9.8;0;Buena
S02014;147.9;blanco;1;453.2;3.2;sana;31.2;8;14.7;14.3;0;6.7;0;Regular
S02015;125.9;blanco;0;472.9;2.7;sana;34.3;8;13.6;0.1;0;7.4;0;Buena
S02016;174.3;blanco;0;487.8;3.4;sana;27.3;11;15.7;9.5;0;7.8;0;Regular
S02017;40.5;blanco;0;438.0;3.0;sana;34.8;1;12.4;2.0;0;8.5;1;Buena
S02018;121.5;rojo;1;472.1;3.4;sana;35.5;7;13.1;9.4;0;8.2;0;Buena
S02019;58.1;rojo;0;449.5;3.4;sana;24.9;2;12.4;11.7;0;8.5;0;Buena
S02020;165.0;rojo;0;471.0;2.7;sana;34.2;10;16.9;10.3;1;5.2;1;Mala
S02021;125.5;crema;0;485.2;3.9;sana;33.1;7;12.1;7.8;0;8.1;0;Buena
S02022;133.3;negro;0;493.0;3.2;sana;38.2;7;12.6;8.7;0;8.8;0;Buena
S02023;58.1;crema;0;433.6;2.4;nuche;36.4;1;15.0;1.4;0;6.1;1;Regular
S02024;82.1;crema;0;445.8;2.9;sana;29.1;5;12.5;4.8;0;7.4;0;Buena
S02025;115.0;careto;1;478.0;3.1;enferma;27.0;6;15.8;2.7;0;6.3;1;Regular
S02026;149.5;rojo;1;494.1;3.2;sana;27.7;9;14.6;10.5;0;5.9;0;Regular
S02027;163.9;amarillo;0;484.2;2.7;sana;33.1;10;14.8;2.0;0;6.4;1;Regular
S02028;82.6;amarillo;0;472.0;4.3;sana;39.3;3;12.1;3.2;0;9.0;0;Buena
S02029;69.0;blanco;0;465.4;3.6;sana;38.3;2;12.9;1.5;0;8.4;0;Buena
S02030;49.3;blanco;1;468.6;3.5;sana;27.6;2;11.6;11.0;0;8.5;0;Buena
S02031;46.8;rojo;0;429.8;2.6;sana;26.5;2;10.6;1.6;0;8.0;0;Excelente
S02032;122.5;pardo;1;466.6;3.1;sana;26.4;7;12.5;12.2;0;7.0;0;Buena
S02033;110.6;amarillo;0;475.0;2.8;sana;38.4;6;14.0;12.1;1;6.4;0;Mala
S02034;39.5;jaspeado;1;422.5;2.6;enferma;28.2;1;15.8;5.5;1;5.3;1;Regular
S02035;144.3;rojo;0;501.3;3.5;sana;27.6;8;14.3;9.5;0;7.2;1;Regular
S02036;136.5;pardo;0;463.3;3.0;sana;29.0;8;16.3;12.4;0;6.6;0;Regular
S02037;45.3;rojo;0;439.4;2.7;sana;33.5;1;13.6;8.2;0;7.3;0;Buena
S02038;69.6;negro;1;446.8;3.2;sana;34.9;2;16.4;0.8;1;7.3;1;Regular
S02039;69.2;amarillo;0;442.8;2.9;sana;32.6;2;12.1;7.5;0;7.3;0;Buena
S02040;148.8;pardo;0;474.3;2.9;sana;37.6;8;13.7;4.6;0;8.2;0;Buena
S02041;68.6;blanco;0;398.7;2.5;enferma;36.5;2;14.4;6.2;0;5.5;0;Regular
S02042;111.3;rojo;0;448.2;3.1;sana;26.3;7;15.3;4.8;1;6.6;1;Mala
S02043;149.7;cafe;1;477.9;3.2;sana;31.9;10;16.2;7.2;1;6.4;1;Mala
S02044;82.5;negro;1;465.1;3.3;sana;28.0;5;10.6;7.5;0;7.9;0;Buena
S02045;54.2;rojo;0;458.0;3.7;sana;38.0;2;12.7;4.3;0;7.1;0;Regular
S02046;176.1;rojo;0;456.4;1.9;enferma;30.1;11;19.3;9.6;0;4.7;1;Mala
S02047;80.7;pardo;1;455.2;2.9;sana;28.5;4;11.6;11.5;0;7.5;0;Buena
S02048;135.1;amarillo;0;501.5;3.4;sana;27.5;8;12.8;1.3;0;6.9;0;Buena
S02049;170.3;rojo;0;491.0;3.1;sana;29.9;10;15.4;4.0;1;7.1;1;Buena
S02050;141.2;crema;1;475.6;2.7;sana;27.0;8;14.9;3.6;0;5.9;0;Regular
S02051;65.1;blanco;0;452.8;3.3;sana;24.2;3;12.9;4.3;0;7.6;0;Buena
S02052;183.0;rojo;0;515.0;3.1;sana;33.2;12;16.0;11.1;0;6.8;1;Regular
S02053;88.8;negro;0;453.1;2.9;sana;39.5;3;15.1;6.7;0;7.5;0;Regular
S02054;79.8;blanco;0;444.5;3.2;sana;34.8;3;11.0;10.0;0;7.9;0;Buena
S02055;183.2;pardo;1;501.0;2.7;sana;31.4;11;16.8;6.8;1;7.1;1;Regular
S02056;77.7;atigrado;0;476.2;3.9;sana;33.0;4;11.9;10.1;0;8.1;0;Buena
S02057;59.1;atigrado;0;430.8;2.9;sana;34.2;1;13.1;8.6;0;7.4;0;Buena
S02058;43.4;amarillo;0;442.8;3.1;sana;34.2;1;12.2;10.8;0;7.7;0;Buena
S02059;188.1;negro;1;450.7;2.0;nuche;36.6;12;18.1;2.1;0;4.6;1;Mala
S02060;75.7;rojo;0;422.6;2.2;enferma;40.0;2;15.4;2.7;0;4.4;1;Regular
S02061;183.8;pardo;0;468.4;2.9;nuche;37.7;11;17.7;8.5;0;7.1;0;Regular
S02062;112.3;amarillo;0;479.3;3.5;sana;25.9;7;12.6;8.2;0;7.1;0;Buena
S02063;61.2;amarillo;0;427.6;2.4;enferma;25.0;2;14.6;13.3;0;5.1;1;Regular
S02064;123.9;atigrado;0;485.1;3.1;sana;30.4;7;15.1;2.9;0;8.8;0;Excelente
S02065;151.4;pardo;1;466.1;2.4;sana;27.9;9;15.4;11.8;1;4.0;1;Mala
S02066;41.6;pardo;0;438.3;3.7;sana;33.1;1;11.6;8.1;0;8.8;0;Buena
S02067;169.2;crema;1;467.8;2.7;sana;24.9;11;15.3;6.8;0;6.9;0;Regular
S02068;49.8;blanco;1;462.2;4.0;sana;40.0;1;10.9;2.1;0;9.0;0;Buena
S02069;64.6;atigrado;0;468.9;3.4;enferma;27.6;3;12.5;2.1;0;6.9;1;Buena
S02070;37.6;crema;0;399.8;2.2;enferma;31.4;1;14.0;1.2;0;6.4;1;Buena
S02071;107.6;blanco;0;474.8;2.9;sana;35.3;6;10.4;8.3;0;6.7;0;Buena
S02072;178.3;rojo;0;502.4;3.5;sana;31.9;12;15.0;6.0;0;6.3;1;Regular
S02073;57.5;careto;0;465.9;3.5;sana;34.8;2;12.1;8.7;0;7.4;0;Buena
S02074;44.2;negro;0;449.4;3.3;sana;27.3;1;11.8;2.8;0;7.2;0;Buena
S02075;118.8;pardo;1;479.6;3.5;sana;30.4;6;15.4;4.1;1;7.6;0;Regular
S02076;145.5;blanco;0;479.2;3.4;sana;25.8;9;13.5;8.5;0;9.3;0;Buena
S02077;82.6;pardo;1;457.6;3.3;sana;34.7;3;12.5;4.0;0;7.2;0;Buena
S02078;135.7;atigrado;0;511.3;4.0;sana;29.8;9;15.3;12.3;0;8.0;0;Regular
S02079;129.5;crema;0;464.5;3.4;sana;27.5;8;13.9;5.2;0;7.7;0;Buena
S02080;158.9;careto;0;478.5;2.8;sana;26.0;11;14.7;9.4;0;6.1;1;Regular
S02081;188.5;negro;0;477.4;3.0;nuche;37.3;11;17.5;10.8;0;6.3;1;Regular
S02082;64.5;amarillo;0;477.0;3.9;sana;25.7;2;12.5;7.2;0;8.6;0;Buena
S02083;130.7;crema;0;488.7;3.6;sana;33.0;7;12.8;4.7;0;8.4;0;Buena
S02084;40.8;amarillo;0;469.8;3.9;sana;26.3;1;12.1;9.0;0;9.5;0;Buena
S02085;107.0;blanco;0;460.0;3.6;sana;35.7;6;12.9;5.5;0;9.0;0;Buena
S02086;41.1;amarillo;0;476.2;4.1;sana;35.5;1;12.2;3.8;0;8.5;0;Buena
S02087;172.5;blanco;1;499.8;3.7;sana;29.7;10;17.2;13.5;0;7.4;1;Regular
S02088;50.9;rojo;0;454.3;3.6;sana;34.5;1;12.8;10.4;0;7.7;0;Buena
S02089;164.7;rojo;0;490.9;3.4;sana;39.4;10;13.9;12.4;0;7.9;0;Buena
S02090;40.6;rojo;0;420.8;2.2;nuche;25.4;2;14.9;8.8;0;5.2;1;Regular
S02091;104.5;rojo;1;472.3;3.4;sana;37.1;5;12.2;0.7;0;8.9;0;Buena
S02092;127.1;blanco;0;488.5;4.1;sana;39.2;7;12.9;6.8;0;8.6;0;Buena
S02093;162.3;blanco;0;486.9;3.2;sana;32.1;11;14.6;9.1;0;7.1;1;Regular
S02094;159.6;rojo;0;485.6;2.8;sana;31.4;9;13.2;2.5;0;8.0;0;Buena
S02095;72.6;negro;0;457.9;3.4;sana;39.7;2;10.5;5.9;0;8.0;0;Buena
S02096;54.9;negro;1;453.9;3.4;sana;26.1;2;11.9;6.1;0;8.2;0;Buena
S02097;61.8;rojo;0;426.3;3.4;sana;32.3;3;12.5;4.4;0;8.5;0;Buena
S02098;93.7;amarillo;0;448.2;3.3;sana;25.4;6;11.7;9.2;0;8.9;0;Buena
S02099;124.6;blanco;0;478.0;3.3;sana;37.3;6;14.8;1.1;0;7.2;1;Regular
S02100;182.0;blanco;1;454.5;2.6;sana;37.4;11;14.3;5.2;0;6.6;1;Regular
S02101;101.1;amarillo;0;499.4;4.1;sana;26.2;5;11.5;10.0;0;7.9;1;Buena
S02102;44.0;atigrado;1;410.5;2.8;nuche;25.2;1;13.3;6.0;0;6.9;1;Buena
S02103;142.3;crema;0;450.5;1.9;nuche;36.6;8;15.0;8.9;0;4.1;1;Regular
S02104;111.5;amarillo;1;455.3;2.8;sana;24.8;6;14.4;9.6;0;6.4;0;Regular
S02105;165.9;crema;1;496.3;3.4;sana;29.7;10;12.7;5.5;0;8.4;1;Buena
S02106;138.1;blanco;0;454.5;2.6;sana;35.2;7;15.3;9.7;0;6.3;0;Regular
S02107;184.9;rojo;0;485.0;3.0;sana;26.3;13;15.6;1.6;1;5.3;1;Mala
S02108;75.3;pardo;0;460.1;3.3;sana;32.7;4;12.8;7.1;0;8.7;0;Buena
S02109;79.2;jaspeado;1;442.4;2.7;sana;33.4;3;13.8;11.4;0;6.9;0;Buena
S02110;102.6;negro;0;481.1;3.4;sana;38.6;4;13.0;1.0;0;8.8;1;Buena
S02111;131.5;negro;0;468.1;3.0;sana;38.5;8;12.7;5.2;0;8.0;0;Buena
S02112;89.2;amarillo;0;478.5;3.6;sana;28.6;5;11.5;8.2;0;8.0;0;Buena
S02113;56.8;careto;0;429.2;3.1;sana;36.9;1;12.5;6.8;0;8.3;0;Buena
S02114;116.4;rojo;0;455.1;2.8;nuche;33.5;6;14.6;5.4;0;6.7;1;Regular
S02115;141.3;amarillo;1;479.7;2.6;sana;39.0;7;16.7;3.4;1;6.6;1;Mala
S02116;41.2;negro;0;445.0;3.2;sana;33.9;1;11.2;0.6;0;8.8;0;Excelente
S02117;148.8;rojo;1;489.7;3.6;sana;35.5;8;13.5;8.4;0;8.7;0;Buena
S02118;147.7;blanco;1;496.5;4.0;sana;26.4;9;13.7;10.9;0;9.6;0;Buena
S02119;79.3;amarillo;0;431.5;2.3;nuche;31.8;4;15.0;7.0;0;5.0;0;Regular
S02120;142.1;rojo;0;470.4;3.4;sana;25.8;8;17.5;15.8;1;7.2;0;Regular
S02121;183.9;pardo;0;503.6;3.5;sana;29.0;11;13.1;5.7;0;8.8;0;Buena
S02122;105.6;rojo;0;494.1;3.4;sana;26.0;7;10.0;7.5;0;8.1;0;Buena
S02123;83.9;blanco;1;466.3;3.1;sana;29.2;5;10.9;0.3;0;8.9;0;Excelente
S02124;71.5;blanco;1;444.3;2.9;enferma;26.5;3;13.8;0.6;0;7.7;0;Buena
S02125;85.4;blanco;0;467.0;3.9;sana;34.6;4;13.1;9.4;0;9.0;0;Buena
S02126;93.2;blanco;1;453.0;2.6;sana;34.5;5;12.1;11.6;0;8.3;0;Buena
S02127;160.0;amarillo;0;505.5;3.9;sana;33.5;9;13.9;12.9;0;9.4;0;Buena
S02128;109.7;pardo;0;463.6;3.2;sana;27.6;7;11.7;9.9;0;8.0;0;Buena
S02129;150.9;pardo;0;498.8;3.3;sana;33.6;9;13.0;5.4;0;8.4;0;Buena
S02130;165.0;negro;0;466.1;2.5;nuche;39.9;9;18.8;8.6;1;4.9;1;Mala
S02131;175.1;blanco;1;448.3;2.0;nuche;27.4;12;19.6;8.6;1;4.9;1;Mala
S02132;84.1;cafe;0;450.3;2.9;nuche;27.5;4;13.5;0.1;0;7.2;0;Buena
S02133;189.7;blanco;0;537.3;4.1;sana;39.5;11;16.7;2.0;0;7.7;0;Regular
S02134;55.6;negro;0;450.5;3.3;sana;32.1;1;10.6;1.4;0;10.0;0;Excelente
S02135;66.4;amarillo;0;472.1;3.9;sana;34.3;2;13.4;5.4;0;8.6;0;Buena
S02136;90.3;rojo;1;470.9;3.1;sana;38.6;4;13.2;7.4;0;8.4;0;Buena
S02137;168.5;negro;1;485.2;3.0;enferma;26.9;11;16.5;12.5;0;6.4;1;Regular
S02138;70.7;rojo;0;458.0;3.7;sana;25.3;3;11.8;6.5;0;8.0;0;Buena
S02139;61.7;blanco;0;454.1;3.9;sana;38.7;2;12.8;6.4;0;8.7;0;Buena
S02140;109.3;rojo;1;479.4;3.5;sana;30.8;7;13.3;7.8;0;9.3;0;Buena
S02141;183.8;blanco;0;494.6;3.1;sana;36.6;11;17.3;2.0;1;6.9;1;Regular
S02142;70.5;amarillo;0;411.8;2.1;enferma;28.9;4;18.1;18.0;1;4.4;1;Mala
S02143;116.8;rojo;0;465.0;3.3;sana;37.1;6;13.4;13.1;0;7.4;0;Buena
S02144;187.1;negro;0;457.3;2.6;nuche;30.1;12;16.3;15.9;0;5.6;1;Regular
S02145;63.9;rojo;1;477.9;3.7;sana;34.8;3;11.0;9.9;0;8.0;0;Buena
S02146;138.3;blanco;0;448.2;2.6;nuche;31.1;9;15.6;5.2;0;5.7;0;Regular
S02147;140.1;rojo;0;498.3;3.5;sana;37.6;8;13.0;8.9;0;7.6;0;Buena
S02148;45.7;crema;0;431.8;3.4;sana;31.6;1;13.0;12.0;0;7.5;0;Buena
S02149;177.0;atigrado;0;485.3;3.2;sana;31.9;12;14.7;11.2;1;7.6;0;Regular
S02150;76.6;rojo;0;456.8;3.8;sana;30.2;4;12.1;4.3;0;7.8;0;Buena
S02151;104.3;rojo;0;477.3;3.8;sana;34.2;6;12.9;0.1;0;7.6;0;Buena
S02152;130.1;rojo;1;488.1;3.1;sana;29.3;8;13.6;0.4;0;7.7;0;Buena
S02153;117.9;rojo;0;478.2;3.0;nuche;33.3;7;15.5;11.5;0;6.7;0;Regular
S02154;40.5;rojo;1;410.5;2.4;enferma;38.0;1;17.1;14.3;1;5.9;0;Regular
S02155;57.7;rojo;1;446.5;3.7;sana;34.1;1;12.2;5.2;0;6.5;0;Buena
S02156;96.7;negro;1;442.5;3.0;sana;37.7;5;13.4;1.5;0;7.2;0;Buena
S02157;152.7;rojo;0;480.4;3.3;sana;25.4;10;15.4;13.5;0;7.7;0;Regular
S02158;76.4;jaspeado;0;444.6;3.1;sana;27.2;4;12.8;2.8;0;9.0;0;Buena
S02159;144.7;negro;0;474.6;2.9;sana;24.4;9;13.7;0.4;0;7.6;0;Buena
S02160;117.3;rojo;0;480.4;3.2;sana;25.4;7;12.9;2.4;0;7.6;0;Buena
S02161;69.6;amarillo;1;477.8;3.9;sana;29.8;3;11.8;11.4;0;8.4;0;Buena
S02162;113.1;amarillo;0;478.0;3.0;sana;39.7;5;18.0;2.1;1;6.1;1;Mala
S02163;41.5;negro;1;444.3;3.1;sana;34.3;1;11.0;5.7;0;6.3;0;Regular
S02164;169.4;blanco;0;492.8;2.9;sana;28.7;11;16.8;7.6;1;5.4;1;Mala
S02165;157.0;pardo;1;480.6;3.0;sana;25.3;10;13.8;3.6;0;8.0;0;Buena
S02166;124.2;rojo;0;485.8;3.6;sana;27.2;8;11.0;9.3;0;8.0;0;Buena
S02167;156.3;amarillo;0;451.5;2.6;sana;38.6;10;17.8;0.4;1;4.9;1;Mala
S02168;91.2;atigrado;0;438.9;2.5;enferma;39.7;4;13.9;11.0;0;6.9;0;Buena
S02169;178.4;amarillo;1;454.9;2.5;enferma;33.7;12;16.6;3.3;0;5.2;1;Regular
S02170;152.7;blanco;0;519.1;3.5;sana;36.9;9;15.1;13.7;0;7.9;1;Regular
S02171;80.3;negro;0;481.3;4.0;sana;36.1;3;13.3;2.0;0;8.2;0;Buena
S02172;72.5;pardo;0;452.4;2.7;sana;26.5;4;12.2;3.3;0;7.9;0;Buena
S02173;113.7;rojo;0;473.5;3.3;sana;35.0;6;13.1;7.8;0;9.5;0;Buena
S02174;101.2;blanco;0;468.5;3.5;sana;28.9;5;14.5;7.4;0;8.3;0;Regular
S02175;166.2;blanco;0;485.8;3.5;sana;28.1;10;14.4;12.2;0;7.0;0;Regular
S02176;128.6;pardo;0;481.5;3.4;sana;29.3;7;12.1;5.4;0;7.7;0;Buena
S02177;105.6;negro;0;474.3;3.6;sana;38.0;5;13.8;11.8;0;7.2;0;Buena
S02178;127.8;blanco;1;450.9;3.1;sana;28.6;7;14.8;10.2;0;7.6;0;Regular
S02179;166.2;amarillo;0;515.5;3.4;sana;33.0;10;13.7;3.0;0;7.4;0;Buena
S02180;102.4;rojo;0;465.4;3.1;sana;28.8;5;14.3;5.7;0;7.2;1;Regular
S02181;92.6;amarillo;0;472.2;3.5;sana;31.9;4;13.8;7.7;0;7.7;0;Buena
S02182;87.8;pardo;0;455.4;3.4;sana;39.3;3;13.9;13.5;0;7.4;0;Buena
S02183;99.9;negro;0;473.0;3.2;sana;29.7;6;12.6;9.6;0;8.1;0;Buena
S02184;93.1;rojo;0;468.1;3.3;sana;26.5;5;12.0;10.6;0;7.3;0;Buena
S02185;170.0;blanco;0;473.6;3.1;sana;39.3;10;13.1;0.4;0;9.5;1;Excelente
S02186;48.1;amarillo;0;427.7;2.9;sana;26.6;2;13.8;13.0;1;8.0;1;Buena
S02187;176.1;blanco;0;481.2;3.1;sana;34.2;10;15.2;3.2;0;8.4;1;Regular
S02188;51.3;blanco;0;439.3;2.9;sana;28.0;1;12.7;3.8;0;7.3;0;Buena
S02189;154.0;negro;0;502.3;3.7;sana;37.1;8;14.4;9.9;0;8.1;0;Regular
S02190;98.6;negro;0;452.8;3.1;sana;25.5;5;13.3;2.2;0;8.3;0;Buena
S02191;179.6;rojo;0;490.9;3.3;sana;36.7;10;15.7;6.3;0;6.8;1;Regular
S02192;181.0;blanco;0;496.2;3.8;sana;24.2;12;13.0;5.1;0;7.6;1;Buena
S02193;174.2;blanco;0;472.7;2.7;sana;33.2;10;17.5;6.7;1;6.7;1;Regular
S02194;108.0;rojo;0;510.0;3.7;sana;24.9;6;13.3;9.4;0;8.3;0;Buena
S02195;73.7;crema;0;483.2;3.1;sana;30.2;3;12.0;9.8;0;7.0;0;Buena
S02196;106.9;rojo;0;442.9;2.9;sana;29.6;6;14.2;6.0;0;5.7;1;Regular
S02197;185.1;crema;1;498.2;3.4;sana;30.6;12;14.7;0.6;0;7.5;0;Regular
S02198;102.4;rojo;0;435.6;2.3;nuche;26.2;6;16.6;10.9;1;5.1;0;Regular
S02199;72.3;rojo;0;476.7;3.1;sana;32.7;3;14.0;7.0;0;7.3;0;Buena
S02200;189.2;rojo;0;460.4;3.0;sana;35.5;11;17.8;13.2;1;5.9;1;Mala
S02201;111.6;amarillo;1;449.0;2.9;sana;32.5;6;12.1;10.1;0;8.2;1;Buena
S02202;166.5;negro;0;494.3;3.4;sana;33.9;11;16.3;0.7;1;7.2;1;Regular
S02203;148.7;blanco;0;458.7;2.6;sana;30.8;10;15.6;8.6;0;6.7;0;Regular
S02204;162.8;amarillo;0;476.8;3.2;sana;37.3;10;13.3;1.2;0;8.3;0;Buena
S02205;42.7;rojo;0;425.4;1.9;nuche;39.5;1;16.8;7.1;1;3.9;1;Mala
S02206;98.4;jaspeado;0;457.1;3.0;sana;35.6;5;17.6;16.3;1;6.8;0;Regular
S02207;85.2;cafe;0;442.0;3.0;enferma;25.3;4;13.6;2.5;0;8.3;1;Buena
S02208;159.7;blanco;0;475.5;3.2;sana;37.8;10;13.2;11.5;0;8.9;0;Buena
S02209;125.6;rojo;0;462.7;2.8;sana;27.6;8;15.3;14.2;1;7.0;1;Regular
S02210;147.0;rojo;0;477.4;3.2;sana;25.0;9;14.6;3.2;0;8.1;0;Regular
S02211;70.5;rojo;0;461.0;3.9;sana;31.7;2;13.3;7.7;0;8.5;0;Buena
S02212;188.6;rojo;0;490.8;2.6;sana;34.3;12;15.4;1.7;0;7.4;0;Regular
S02213;62.1;crema;0;441.8;3.2;sana;27.4;2;12.3;10.4;0;8.5;0;Buena
S02214;129.2;rojo;0;472.5;3.4;sana;39.2;7;13.4;13.1;0;7.3;0;Buena
S02215;126.8;careto;0;475.7;4.1;sana;28.0;7;14.0;7.0;0;8.7;0;Buena
S02216;82.2;rojo;0;472.9;3.9;sana;28.7;4;13.5;12.6;0;8.7;0;Buena
S02217;180.8;rojo;0;489.5;2.9;sana;30.3;11;15.3;14.4;0;7.1;0;Regular
S02218;60.7;amarillo;1;427.2;2.5;nuche;34.1;2;15.1;13.0;0;5.9;0;Regular
S02219;172.5;careto;0;517.8;3.2;sana;34.4;10;15.9;0.8;0;5.7;1;Regular
S02220;98.6;rojo;1;434.0;2.6;nuche;36.8;4;14.6;0.7;0;6.7;1;Regular
S02221;95.4;amarillo;0;447.6;3.2;sana;29.4;5;12.0;11.6;0;8.2;0;Buena
S02222;91.8;blanco;0;452.5;2.2;sana;33.5;5;16.6;6.7;1;4.5;1;Mala
S02223;149.7;negro;0;465.9;3.2;sana;34.7;9;16.0;13.0;1;6.9;1;Regular
S02224;119.4;negro;0;472.8;3.8;sana;31.9;6;13.4;11.6;0;8.0;0;Buena
S02225;87.3;negro;1;466.5;3.6;sana;30.2;4;13.4;11.3;0;8.2;0;Buena
S02226;75.1;blanco;1;475.3;3.3;sana;31.9;3;13.8;3.3;0;8.3;0;Buena
S02227;121.5;negro;1;478.8;3.1;sana;32.5;6;13.9;11.7;0;8.7;1;Buena
S02228;128.1;rojo;0;488.3;3.8;sana;31.7;8;13.9;2.7;0;8.2;0;Buena
S02229;185.9;pardo;1;484.6;3.1;sana;31.0;11;15.0;9.8;0;6.0;1;Regular
S02230;164.8;blanco;1;492.4;2.7;sana;31.7;10;14.5;3.0;0;6.2;1;Regular
S02231;134.7;rojo;1;458.4;2.6;nuche;25.2;8;17.2;7.9;0;6.1;1;Regular
S02232;157.2;rojo;0;487.2;3.0;sana;34.3;9;16.4;6.2;1;6.3;1;Regular
S02233;116.2;rojo;1;475.9;3.0;sana;28.4;6;14.1;11.1;0;7.1;0;Regular
S02234;156.0;blanco;1;474.9;3.1;sana;28.5;9;17.3;9.4;1;6.5;0;Regular
S02235;131.9;amarillo;0;478.0;3.1;sana;37.8;7;14.7;11.7;0;6.8;1;Regular
S02236;146.4;amarillo;1;467.4;2.9;sana;30.3;8;14.5;10.0;0;7.1;0;Regular
S02237;175.9;rojo;0;476.6;2.5;sana;26.8;12;16.1;2.3;1;6.9;1;Regular
S02238;168.5;blanco;1;495.2;2.7;sana;28.4;10;18.4;8.7;1;6.0;1;Mala
S02239;158.6;rojo;0;483.7;3.7;sana;25.2;10;13.3;1.0;0;7.7;0;Buena
S02240;36.1;rojo;0;413.7;3.2;sana;29.4;1;12.2;10.1;0;7.7;0;Buena
S02241;54.8;rojo;1;433.4;3.3;sana;35.7;2;13.3;4.4;0;8.5;0;Buena
S02242;54.0;blanco;1;478.4;3.9;sana;31.6;2;11.1;2.0;0;9.0;0;Buena
S02243;141.6;blanco;1;485.5;4.0;sana;33.7;8;13.5;6.9;0;9.4;0;Buena
S02244;125.5;negro;0;501.0;3.3;sana;29.1;8;16.5;0.7;1;6.7;1;Mala
S02245;144.1;negro;0;484.9;3.3;sana;32.3;8;12.5;2.3;0;7.8;0;Buena
S02246;106.4;blanco;0;440.5;2.4;enferma;38.6;5;15.4;4.8;0;4.8;0;Regular
S02247;39.9;amarillo;1;436.2;3.0;sana;38.1;1;12.2;11.8;0;8.5;0;Buena
S02248;185.8;blanco;1;514.6;3.6;sana;35.8;12;15.6;2.5;1;7.4;0;Regular
S02249;185.0;jaspeado;1;516.1;3.6;sana;31.1;12;13.8;12.7;0;10.1;0;Buena
S02250;137.7;blanco;0;478.9;4.3;sana;38.4;7;13.2;11.8;0;9.0;0;Buena
S02251;105.1;rojo;0;459.3;3.3;sana;24.8;7;14.2;0.3;0;6.2;0;Regular
S02252;168.9;atigrado;1;488.7;3.5;sana;36.9;11;13.3;9.9;0;7.6;0;Buena
S02253;127.4;negro;0;477.5;3.2;sana;39.3;6;12.5;8.2;0;7.6;0;Buena
S02254;124.8;crema;0;445.5;2.2;enferma;34.0;6;15.5;15.2;0;5.3;0;Regular
S02255;71.8;crema;0;458.1;4.0;sana;25.3;3;12.6;8.6;0;8.2;0;Buena
S02256;85.1;rojo;0;438.4;3.1;sana;24.1;4;12.0;8.7;0;7.6;0;Buena
S02257;79.5;negro;0;441.5;3.2;nuche;27.2;4;12.6;0.9;0;7.4;0;Buena
S02258;125.1;amarillo;0;494.3;3.7;sana;28.5;7;14.0;1.4;0;7.4;0;Buena
S02259;150.3;blanco;0;467.7;2.9;sana;30.6;9;15.3;0.4;0;7.1;1;Regular
S02260;71.5;pardo;0;441.5;2.3;sana;36.1;2;16.4;8.1;1;5.2;1;Mala
S02261;56.7;pardo;0;459.3;3.4;sana;37.0;1;13.1;8.9;0;9.3;0;Buena
S02262;115.5;negro;0;452.0;3.4;nuche;37.1;6;16.1;7.1;0;5.8;0;Regular
S02263;182.9;amarillo;0;480.9;2.2;sana;29.1;11;18.7;11.3;1;5.2;0;Mala
S02264;174.2;atigrado;0;522.0;4.2;sana;27.9;11;13.0;8.8;0;9.0;0;Buena
S02265;50.7;pardo;1;460.7;3.4;sana;32.8;1;12.4;1.9;0;8.4;0;Buena
S02266;105.0;amarillo;1;448.5;3.0;sana;30.8;5;12.4;0.8;0;7.5;0;Buena
S02267;167.5;rojo;1;489.7;3.4;sana;27.0;10;14.5;1.5;0;7.4;1;Regular
S02268;39.2;pardo;1;476.9;4.1;sana;28.7;1;10;3.0;0;9.0;0;Buena
S02269;58.6;blanco;0;470.4;3.5;sana;29.7;2;10.7;8.5;0;8.6;0;Buena
S02270;173.2;negro;0;504.8;3.7;sana;32.9;10;13.2;11.4;0;9.1;0;Buena
S02271;55.8;rojo;0;451.2;3.3;sana;33.2;1;12.5;2.8;0;8.4;0;Buena
S02272;88.6;negro;0;489.3;3.1;sana;25.4;4;12.7;11.4;0;8.2;0;Buena
S02273;98.0;rojo;0;487.5;3.0;sana;34.1;5;13.3;12.1;0;8.9;0;Buena
S02274;72.7;rojo;1;464.3;3.6;sana;28.5;3;12.5;7.0;0;9.8;0;Buena
S02275;84.4;negro;0;483.9;3.2;sana;24.9;4;12.7;3.5;0;8.4;0;Buena
S02276;135.9;blanco;0;477.4;3.7;sana;28.3;8;11.3;6.7;0;8.8;0;Buena
S02277;170.7;negro;0;471.2;2.1;nuche;26.6;11;18.3;0.6;0;4.8;1;Mala
S02278;37.4;rojo;0;434.0;3.1;sana;31.9;1;11.6;5.1;0;7.2;1;Buena
S02279;181.3;amarillo;0;442.5;2.4;enferma;39.8;10;18.4;2.7;0;5.3;1;Mala
S02280;181.9;negro;0;492.4;3.1;sana;30.6;12;15.5;0.2;0;7.5;0;Regular
S02281;142.7;blanco;1;448.6;2.9;sana;31.4;9;12.6;7.7;0;7.8;0;Buena
S02282;160.9;amarillo;1;475.1;3.4;sana;28.2;10;14.9;13.1;0;7.3;1;Regular
S02283;98.2;negro;0;465.4;3.3;sana;37.7;5;12.8;9.8;0;8.4;0;Buena
S02284;76.7;rojo;0;445.0;2.8;sana;32.2;4;10.5;0.2;0;9.8;0;Excelente
S02285;66.5;pardo;0;435.1;2.8;sana;34.9;3;12.6;4.8;0;8.7;0;Buena
S02286;67.6;amarillo;0;458.6;3.4;sana;25.1;3;12.7;6.2;0;8.8;0;Buena
S02287;44.1;amarillo;0;439.9;2.9;sana;39.6;1;13.0;12.8;0;8.7;0;Buena
S02288;122.3;blanco;0;487.8;3.9;sana;26.0;7;12.7;7.8;0;8.9;0;Buena
S02289;49.1;rojo;0;449.0;3.4;sana;31.0;1;11.5;8.3;0;8.0;0;Buena
S02290;167.1;negro;0;491.5;3.1;sana;24.5;10;16.4;0.9;1;6.9;1;Mala
S02291;87.3;blanco;0;469.1;3.0;sana;24.4;4;13.9;8.1;0;7.2;0;Buena
S02292;68.6;rojo;0;459.3;3.5;sana;26.1;4;10.7;8.3;0;8.8;0;Buena
S02293;73.8;rojo;0;478.0;3.4;sana;31.0;3;12.0;5.2;0;7.9;0;Buena
S02294;92.2;rojo;0;467.6;3.2;sana;38.2;4;12.5;0.3;0;8.2;0;Buena
S02295;75.1;negro;0;432.5;3.3;sana;39.6;2;14.6;12.2;0;6.0;1;Regular
S02296;165.7;blanco;0;490.3;2.9;sana;26.3;10;15.9;4.7;0;7.2;1;Regular
S02297;56.3;amarillo;0;444.9;3.0;sana;39.7;1;11.8;3.1;0;8.1;0;Buena
S02298;91.1;blanco;1;460.8;3.5;sana;37.6;4;12.3;3.8;0;7.0;0;Buena
S02299;90.5;negro;0;453.6;2.9;sana;31.2;5;14.9;2.1;1;6.1;1;Regular
S02300;58.3;blanco;0;458.4;3.2;sana;33.6;2;13.1;5.4;0;7.1;0;Buena
S02301;78.6;amarillo;0;452.3;3.7;sana;34.6;4;11.5;11.1;0;9.6;0;Buena
S02302;159.9;negro;0;487.3;3.3;sana;36.4;10;13.5;7.1;0;7.8;0;Buena
S02303;174.6;negro;0;491.6;3.0;sana;34.0;10;17.9;3.5;1;6.0;1;Regular
S02304;69.3;negro;0;459.1;2.8;sana;37.2;2;15.3;3.9;1;5.3;0;Mala
S02305;143.3;rojo;0;489.6;3.6;sana;30.1;8;14.2;5.1;0;9.0;0;Regular
S02306;36.7;negro;1;432.8;3.7;sana;27.6;1;10.7;2.5;0;8.8;0;Buena
S02307;187.3;blanco;0;490.8;3.2;nuche;28.4;13;18.0;8.2;1;6.2;1;Regular
S02308;173.8;amarillo;1;508.9;3.5;sana;24.3;11;14.9;1.3;0;8.2;1;Regular
S02309;166.2;atigrado;0;493.9;3.0;sana;39.9;9;14.8;12.0;0;5.7;0;Regular
S02310;115.5;negro;0;495.0;4.0;sana;31.1;6;14.0;7.5;0;7.5;0;Buena
S02311;79.6;amarillo;0;451.5;3.4;sana;36.7;4;12.7;6.9;0;8.2;0;Buena
S02312;110.6;rojo;0;445.0;2.6;nuche;24.1;6;15.4;14.0;0;6.3;1;Regular
S02313;80.9;rojo;0;489.3;3.9;sana;39.3;4;12.1;9.6;0;8.2;0;Buena
S02314;138.0;crema;0;494.4;3.7;sana;38.5;8;12.6;7.6;0;9.2;0;Buena
S02315;101.6;jaspeado;0;463.8;3.2;sana;30.0;6;13.9;7.8;1;6.8;0;Buena
S02316;164.7;rojo;0;486.1;2.5;sana;25.2;10;15.4;6.6;1;6.2;0;Regular
S02317;136.6;negro;0;485.2;3.6;sana;31.3;9;13.1;5.6;0;9.2;0;Buena
S02318;189.7;crema;1;504.1;3.2;sana;39.0;11;18.0;6.2;1;6.0;1;Regular
S02319;157.1;rojo;0;463.5;2.3;sana;33.4;9;14.6;14.1;0;5.6;1;Regular
S02320;88.7;negro;1;466.5;3.1;sana;31.7;5;15.1;10.0;1;6.6;0;Regular
S02321;92.6;amarillo;0;436.9;2.7;sana;30.2;5;13.1;4.4;0;7.6;0;Buena
S02322;129.3;blanco;1;482.0;3.9;sana;38.6;7;13.7;2.6;0;8.3;0;Buena
S02323;118.6;blanco;0;448.8;2.4;enferma;31.1;6;17.5;7.5;0;5.8;1;Regular
S02324;164.1;careto;1;502.0;3.5;sana;39.9;9;16.4;5.1;0;7.2;1;Regular
S02325;48.7;blanco;0;411.3;2.7;nuche;27.8;1;14.6;7.0;0;6.1;1;Regular
S02326;86.1;atigrado;0;452.7;3.1;sana;26.0;5;12.2;6.0;0;8.2;0;Buena
S02327;52.8;blanco;0;448.0;3.8;sana;30.7;1;12.9;9.2;0;8.2;0;Buena
S02328;174.1;pardo;1;497.8;3.6;sana;36.6;11;15.7;10.9;0;7.9;1;Regular
S02329;178.1;rojo;0;514.2;3.7;sana;25.1;11;16.4;6.2;0;7.6;1;Regular
S02330;165.0;negro;0;503.7;3.9;sana;37.1;9;12.8;12.1;0;8.0;0;Buena
S02331;109.0;negro;0;476.8;3.2;sana;39.6;6;14.5;12.3;0;7.6;1;Regular
S02332;85.4;rojo;0;458.7;3.7;sana;33.2;4;13.5;1.9;0;9.2;0;Buena
S02333;36.8;amarillo;0;424.5;3.1;sana;24.6;1;12.0;7.7;0;8.3;1;Buena
S02334;94.5;negro;0;423.4;2.4;nuche;30.9;4;15.7;3.0;0;5.7;0;Regular
S02335;174.3;rojo;1;474.8;2.8;sana;38.7;10;14.2;7.6;0;7.3;1;Regular
S02336;143.3;rojo;0;471.1;3.3;sana;25.2;10;14.0;7.3;0;9.4;0;Buena
S02337;171.5;rojo;0;499.8;3.6;sana;25.4;12;12.9;12.6;0;10.1;0;Buena
S02338;119.6;pardo;0;414.1;1.5;nuche;32.6;6;17.3;15.6;1;3.3;1;Mala
S02339;189.0;careto;0;474.8;3.1;sana;28.2;12;14.0;8.3;0;8.7;0;Buena
S02340;79.7;negro;0;485.6;3.5;sana;31.8;3;11.2;11.0;0;8.9;0;Buena
S02341;188.2;pardo;0;522.2;3.7;sana;36.1;11;14.4;1.8;0;7.6;0;Regular
S02342;60.5;crema;1;439.5;2.9;nuche;29.8;3;16.7;5.1;1;6.2;0;Regular
S02343;59.2;amarillo;0;457.6;3.3;sana;34.1;2;12.0;2.3;0;8.3;0;Buena
S02344;118.9;cafe;1;464.6;2.7;sana;31.9;6;13.6;3.7;0;7.8;0;Buena
S02345;81.8;blanco;0;489.3;4.1;sana;29.9;3;13.4;6.9;0;8.1;0;Buena
S02346;129.6;negro;1;465.4;3.1;sana;28.8;7;16.4;2.9;1;6.2;1;Regular
S02347;179.0;blanco;0;503.3;3.2;sana;27.5;11;14.2;5.1;0;6.9;1;Regular
S02348;178.7;rojo;0;499.8;3.0;sana;30.2;11;14.0;8.1;0;7.2;1;Buena
S02349;145.0;pardo;0;490.3;3.2;sana;38.9;9;14.0;0.7;0;8.7;0;Buena
S02350;185.8;blanco;0;479.0;2.2;sana;28.6;12;16.6;14.4;1;5.0;1;Mala
S02351;142.1;amarillo;0;505.9;3.6;sana;27.9;8;11.7;9.4;0;8.8;0;Buena
S02352;139.7;atigrado;1;452.3;2.5;nuche;30.3;8;15.9;13.3;0;6.3;1;Regular
S02353;77.1;rojo;0;470.3;3.6;sana;33.0;3;12.6;11.6;0;8.3;0;Buena
S02354;61.4;jaspeado;0;432.6;3.1;sana;27.8;3;12.6;5.6;0;7.6;0;Buena
S02355;128.6;rojo;0;488.7;3.3;sana;24.6;9;16.4;8.4;1;6.5;0;Regular
S02356;104.7;rojo;0;461.9;3.3;sana;25.9;7;13.9;3.8;0;8.3;0;Buena
S02357;80.2;rojo;0;422.6;2.3;enferma;34.7;3;16.8;12.6;0;5.1;1;Regular
S02358;112.2;rojo;0;456.4;2.8;sana;39.8;5;14.3;5.5;0;6.0;0;Regular
S02359;98.9;careto;1;471.4;3.0;sana;34.2;4;13.0;2.4;0;7.0;0;Buena
S02360;134.2;amarillo;0;485.9;3.7;sana;38.2;7;13.3;4.9;0;7.8;0;Buena
S02361;110.6;rojo;1;469.1;2.9;sana;39.0;5;15.3;7.4;1;7.5;1;Regular
S02362;131.5;rojo;0;471.9;3.6;sana;38.3;7;14.5;10.4;0;6.2;1;Regular
S02363;96.7;amarillo;1;493.6;3.8;sana;30.9;5;12.2;5.7;0;8.2;0;Buena
S02364;151.7;rojo;0;488.3;3.2;sana;39.2;8;16.6;11.4;1;7.5;1;Mala
S02365;140.7;negro;0;475.5;3.4;sana;32.1;8;14.0;8.1;0;8.9;0;Buena
S02366;109.4;rojo;0;502.1;3.9;sana;26.3;6;12.3;3.0;0;8.3;0;Buena
S02367;178.0;pardo;0;504.1;3.3;sana;39.4;10;18.3;4.6;1;5.8;1;Mala
S02368;43.1;amarillo;0;441.6;3.7;sana;35.9;1;10.9;8.9;0;9.1;0;Buena
S02369;116.4;negro;0;444.0;2.6;enferma;28.3;7;15.4;14.4;0;5.0;0;Regular
S02370;48.8;cafe;0;454.6;3.5;sana;36.8;1;13.3;9.2;0;8.5;0;Buena
S02371;40.3;rojo;0;442.4;2.7;sana;30.7;1;12.7;6.3;0;7.4;0;Buena
S02372;120.9;amarillo;0;444.8;2.6;nuche;26.6;7;18.5;11.6;1;5.3;1;Mala
S02373;47.3;rojo;0;449.0;2.9;sana;36.2;1;12.1;2.0;0;7.8;0;Buena
S02374;176.9;negro;1;479.0;3.1;sana;34.0;10;15.3;7.4;0;8.2;0;Regular
S02375;38.1;blanco;0;455.7;3.6;sana;34.2;1;10;8.8;0;8.0;0;Buena
S02376;83.6;rojo;0;455.3;3.2;sana;32.2;3;13.7;4.2;0;7.8;0;Buena
S02377;45.0;blanco;0;471.8;3.5;sana;31.7;1;12.6;3.0;0;8.2;1;Buena
S02378;169.9;crema;1;509.9;3.4;sana;33.1;11;14.6;0.4;0;6.3;1;Regular
S02379;76.9;amarillo;1;471.1;3.6;sana;36.1;4;12.5;11.1;0;8.5;0;Buena
S02380;122.9;blanco;1;434.9;2.4;enferma;35.9;7;15.5;6.2;0;5.7;1;Regular
S02381;178.1;pardo;0;466.6;2.9;sana;26.2;11;17.6;3.0;1;6.3;1;Mala
S02382;42.3;negro;1;431.1;3.5;sana;38.9;1;14.1;1.1;0;8.1;0;Buena
S02383;88.8;negro;0;457.4;3.6;sana;28.2;4;11.9;9.3;0;8.3;0;Buena
S02384;43.6;amarillo;0;440.3;3.5;sana;24.4;1;11.7;2.7;0;9.4;0;Buena
S02385;175.0;negro;0;497.4;3.2;sana;31.1;11;17.0;4.0;1;7.1;0;Regular
S02386;45.7;rojo;1;423.7;2.1;nuche;37.6;1;16.7;6.7;1;4.9;1;Mala
S02387;164.1;pardo;0;500.9;3.2;sana;25.4;11;11.5;6.5;0;7.6;0;Buena
S02388;133.1;amarillo;0;490.9;3.2;sana;28.1;9;12.4;8.5;0;7.7;0;Buena
S02389;54.6;amarillo;1;412.9;2.4;enferma;39.2;2;14.0;6.5;0;6.8;0;Buena
S02390;55.9;negro;0;475.7;3.5;sana;24.6;3;10.8;5.2;0;7.9;1;Buena
S02391;172.2;blanco;0;507.6;3.4;sana;39.8;10;14.0;1.9;0;7.4;1;Buena
S02392;177.3;blanco;0;519.5;3.7;sana;28.3;11;14.6;14.3;0;7.3;0;Regular
S02393;65.3;blanco;0;462.8;4.1;sana;35.0;3;12.0;6.9;0;9.2;0;Buena
S02394;159.2;rojo;0;477.5;3.3;sana;28.3;10;13.1;10.4;0;8.8;0;Buena
S02395;121.2;negro;0;490.8;3.0;sana;36.6;7;15.2;13.0;0;6.0;0;Regular
S02396;44.7;amarillo;0;452.9;3.7;sana;36.5;1;12.5;3.2;0;7.9;0;Buena
S02397;100.0;rojo;0;467.9;3.5;sana;30.7;5;12.2;4.4;0;7.3;0;Buena
S02398;181.3;rojo;0;463.4;2.0;nuche;25.3;13;19.5;12.5;1;5.5;1;Mala
S02399;117.8;rojo;0;474.0;3.4;sana;30.1;6;14.7;13.4;0;8.0;0;Regular
S02400;174.9;blanco;0;493.6;2.9;sana;38.1;10;16.7;10.3;1;5.5;1;Mala
S02401;161.0;rojo;0;475.7;3.4;sana;29.1;11;14.0;12.0;0;8.3;0;Buena
S02402;174.2;amarillo;0;480.8;3.1;sana;32.9;11;14.5;2.0;0;7.3;0;Regular
S02403;150.4;negro;0;458.5;2.2;enferma;39.0;8;18.1;11.4;0;4.7;1;Mala
S02404;95.9;blanco;0;442.1;2.7;nuche;34.0;5;15.0;12.0;0;5.3;1;Regular
S02405;183.2;blanco;0;513.9;3.2;sana;25.2;12;14.3;2.4;0;7.1;1;Regular
S02406;100.0;amarillo;1;452.4;3.0;sana;38.6;4;13.9;13.4;0;7.8;0;Buena
S02407;178.5;amarillo;0;492.0;3.9;sana;36.0;10;13.6;10.4;0;7.9;0;Buena
S02408;105.7;jaspeado;1;428.0;2.5;nuche;34.4;6;15.2;3.4;0;5.0;1;Mala
S02409;177.3;amarillo;0;473.2;2.6;sana;26.7;11;14.4;6.6;0;7.1;1;Regular
S02410;173.9;crema;0;473.5;3.4;sana;26.7;12;12.6;7.6;0;7.9;0;Buena
S02411;102.9;negro;0;462.5;3.0;sana;29.9;6;12.5;10.2;0;7.1;1;Regular
S02412;185.9;negro;1;483.4;3.1;sana;29.7;12;13.8;11.8;0;8.2;0;Buena
S02413;175.7;rojo;0;468.2;2.8;sana;25.3;12;16.1;5.0;1;4.7;1;Mala
S02414;171.0;amarillo;1;495.7;3.2;sana;25.0;11;13.6;4.6;0;7.2;0;Buena
S02415;105.8;blanco;0;437.1;2.9;sana;31.2;5;14.8;13.3;0;6.9;0;Regular
S02416;151.4;blanco;0;483.0;2.9;sana;29.3;10;15.1;6.3;0;5.7;1;Regular
S02417;137.6;pardo;0;460.8;3.4;sana;37.6;7;14.4;12.2;0;7.8;1;Regular
S02418;132.1;negro;0;438.0;2.3;sana;39.0;7;17.0;0.0;1;5.0;1;Mala
S02419;146.0;cafe;0;465.3;2.8;sana;35.8;8;14.8;14.7;0;6.0;0;Regular
S02420;144.6;rojo;0;483.1;3.2;sana;29.0;8;14.4;0.3;0;6.7;0;Regular
S02421;47.7;negro;0;434.5;2.5;sana;31.2;1;14.7;2.8;0;7.2;1;Regular
S02422;145.6;blanco;0;483.1;3.1;sana;36.9;9;15.3;0.9;0;6.5;1;Regular
S02423;136.1;rojo;0;436.7;2.1;nuche;24.9;9;17.7;9.6;1;3.7;1;Mala
S02424;125.4;crema;0;436.1;2.6;enferma;38.9;6;15.5;11.9;0;6.1;1;Regular
S02425;86.9;jaspeado;1;429.0;2.3;nuche;32.1;4;14.9;10.8;0;5.8;1;Regular
S02426;67.5;rojo;1;440.9;3.2;sana;32.6;2;12.3;1.0;0;8.7;0;Buena
S02427;186.0;negro;0;506.6;3.1;sana;31.4;12;15.5;4.4;1;6.6;1;Mala
S02428;163.0;rojo;0;476.0;3.0;sana;25.7;10;15.4;15.2;0;6.3;0;Regular
S02429;173.3;negro;1;485.4;3.0;sana;24.9;11;15.1;2.4;0;5.9;1;Regular
S02430;131.5;negro;0;477.3;2.9;sana;32.7;7;13.9;9.3;0;7.0;0;Buena
S02431;163.8;rojo;1;528.7;3.1;sana;29.3;10;13.9;5.5;0;7.9;0;Buena
S02432;154.2;amarillo;0;449.7;2.1;sana;28.1;9;18.6;7.0;1;5.1;1;Mala
S02433;37.4;amarillo;0;460.0;3.2;sana;33.6;1;12.1;0.5;0;7.6;0;Buena
S02434;111.5;blanco;0;445.9;2.7;nuche;35.9;5;17.4;8.0;0;5.9;0;Regular
S02435;73.2;blanco;0;460.1;3.4;sana;25.7;4;13.2;10.6;0;7.6;0;Buena
S02436;110.1;pardo;0;430.1;2.6;sana;26.9;6;14.5;10.9;0;6.6;0;Regular
S02437;49.9;rojo;1;405.7;2.9;nuche;30.3;1;16.4;6.8;1;6.8;1;Regular
S02438;187.8;jaspeado;0;505.2;3.2;sana;30.7;12;14.4;5.3;0;7.5;0;Regular
S02439;47.0;rojo;0;414.5;2.6;enferma;27.0;2;14.5;5.9;0;5.8;1;Regular
S02440;145.2;crema;0;492.5;3.7;sana;29.0;8;13.2;6.4;0;7.7;0;Buena
S02441;98.9;rojo;0;449.5;2.8;nuche;24.9;6;14.9;12.4;0;7.0;0;Regular
S02442;148.7;negro;1;495.6;2.9;sana;25.9;9;15.3;6.0;0;6.6;1;Regular
S02443;163.1;pardo;1;469.2;2.7;enferma;34.4;9;18.5;3.2;1;5.2;1;Mala
S02444;67.7;blanco;0;461.8;3.1;sana;33.9;3;10.4;9.2;0;6.2;1;Regular
S02445;150.7;negro;1;490.3;3.9;sana;28.9;9;13.4;10.0;0;9.4;1;Buena
S02446;88.6;rojo;1;456.9;3.4;sana;36.0;5;12.5;10.7;0;7.3;0;Buena
S02447;138.6;rojo;1;465.3;2.8;sana;29.4;8;14.8;13.8;0;6.7;0;Regular
S02448;128.8;pardo;1;478.0;3.3;sana;30.2;8;14.0;1.0;0;8.7;0;Buena
S02449;125.6;rojo;1;471.7;3.0;sana;34.9;6;13.2;0.4;0;8.4;0;Buena
S02450;142.0;blanco;1;451.2;2.0;sana;35.4;8;15.6;1.5;1;5.0;0;Mala
S02451;156.7;rojo;0;459.3;2.2;sana;32.9;9;16.3;13.9;1;6.0;1;Mala
S02452;90.8;pardo;0;452.8;3.3;sana;32.1;4;13.3;7.8;0;8.3;0;Buena
S02453;73.9;blanco;0;436.7;3.1;sana;30.6;3;15.0;12.1;0;7.7;0;Regular
S02454;137.1;blanco;0;493.8;3.3;sana;38.2;7;13.3;2.5;0;7.2;0;Buena
S02455;85.3;negro;0;465.3;3.2;sana;30.3;4;10.8;3.7;0;6.5;0;Buena
S02456;144.9;negro;1;495.4;3.9;sana;29.5;8;15.0;9.8;0;6.7;0;Regular
S02457;152.5;blanco;0;473.2;2.7;sana;25.9;9;16.5;5.4;1;5.9;1;Mala
S02458;118.4;atigrado;0;471.8;2.9;sana;26.2;7;14.5;8.0;0;6.7;0;Regular
S02459;125.0;negro;0;460.9;3.0;sana;27.5;8;15.2;15.0;1;7.3;1;Regular
S02460;134.7;negro;0;473.5;2.6;sana;34.5;7;15.0;7.3;0;6.6;0;Regular
S02461;67.0;rojo;0;466.8;3.8;sana;24.1;3;12.0;6.4;0;8.1;0;Buena
S02462;152.3;negro;0;492.5;3.3;sana;24.9;10;18.4;16.2;1;6.6;1;Mala
S02463;114.3;amarillo;1;468.7;3.0;sana;24.8;7;15.4;11.8;1;6.0;0;Mala
S02464;139.4;atigrado;0;479.0;3.6;sana;32.3;8;12.2;3.8;0;8.4;0;Buena
S02465;124.2;pardo;0;484.1;2.6;sana;33.7;7;13.6;3.0;1;6.6;1;Mala
S02466;55.4;blanco;0;450.3;3.5;sana;35.4;1;14.2;2.8;0;7.8;0;Regular
S02467;125.0;amarillo;0;468.8;2.9;sana;26.9;7;13.4;3.1;0;7.3;0;Buena
S02468;104.9;negro;0;476.0;3.0;sana;24.6;6;13.5;12.1;0;6.7;0;Buena
S02469;164.0;amarillo;1;505.2;3.7;sana;39.6;9;14.3;0.3;0;7.8;1;Regular
S02470;142.3;negro;1;478.6;3.4;sana;34.9;8;15.8;7.5;1;7.7;1;Regular
S02471;86.2;rojo;0;483.7;3.3;sana;37.0;3;14.7;8.7;1;7.1;0;Regular
S02472;122.0;blanco;0;422.7;2.5;nuche;24.9;8;16.2;0.5;0;5.8;1;Regular
S02473;140.7;amarillo;0;484.5;3.2;sana;31.8;8;13.3;8.8;0;8.5;0;Buena
S02474;107.7;rojo;0;475.8;3.5;sana;30.6;5;14.8;6.7;0;6.8;0;Regular
S02475;185.8;rojo;0;487.8;2.6;sana;32.5;11;14.6;8.4;0;6.6;1;Regular
S02476;182.0;blanco;1;467.4;3.5;sana;35.8;11;17.5;5.0;1;7.4;1;Mala
S02477;45.3;rojo;0;381.2;1.7;enferma;24.1;1;14.0;3.1;0;6.4;1;Buena
S02478;110.7;negro;0;474.4;3.8;sana;34.0;5;12.4;9.6;0;8.3;0;Buena
S02479;172.4;amarillo;0;507.0;3.7;sana;29.4;11;13.6;13.0;0;8.7;0;Buena
S02480;162.9;rojo;1;483.4;3.2;sana;34.8;9;17.6;13.6;1;6.2;0;Regular
S02481;94.2;crema;0;458.4;3.1;sana;30.7;4;14.5;9.4;0;7.7;0;Regular
S02482;170.0;rojo;0;507.1;3.6;sana;37.9;10;15.4;1.4;0;6.0;0;Regular
S02483;144.1;amarillo;0;503.7;3.8;sana;39.0;8;13.1;9.6;0;8.2;0;Buena
S02484;78.8;pardo;0;462.2;3.5;sana;38.4;3;14.2;3.3;0;7.4;0;Regular
S02485;60.4;amarillo;0;448.5;3.6;sana;28.8;2;10.5;4.0;0;8.6;0;Buena
S02486;126.0;negro;1;480.3;3.1;sana;36.5;6;14.8;5.7;1;6.0;1;Mala
S02487;43.8;blanco;0;420.9;3.1;nuche;26.8;2;13.1;10.4;0;6.8;0;Buena
S02488;138.3;rojo;1;479.0;3.3;sana;24.3;8;14.2;12.7;0;7.2;0;Regular
S02489;144.0;rojo;0;488.9;3.5;sana;37.0;8;13.9;11.2;0;9.4;0;Buena
S02490;168.2;blanco;1;501.8;3.5;sana;35.4;10;14.5;10.9;0;7.7;0;Regular
S02491;83.1;rojo;1;475.0;3.5;sana;31.3;3;12.5;0.9;0;7.5;0;Buena
S02492;117.2;amarillo;0;433.3;2.8;enferma;30.6;7;17.3;5.1;0;5.7;1;Regular
S02493;130.3;rojo;0;446.0;2.5;sana;25.7;8;14.2;13.7;0;6.9;0;Regular
S02494;80.3;atigrado;0;468.6;3.5;sana;37.2;3;13.4;2.0;0;9.0;0;Buena
S02495;77.0;rojo;0;472.7;3.4;sana;36.8;3;14.7;9.7;1;8.2;0;Buena
S02496;40.7;negro;0;441.0;3.0;sana;29.4;1;11.8;5.4;0;7.2;0;Buena
S02497;46.2;negro;0;465.7;3.9;sana;26.7;1;12.9;12.4;0;8.5;0;Buena
S02498;63.9;negro;0;445.2;3.3;sana;26.2;2;11.9;5.0;0;8.3;1;Buena
S02499;86.5;amarillo;0;460.8;3.0;enferma;26.2;4;15.3;3.8;0;6.1;1;Regular
S02500;150.2;rojo;1;517.4;3.4;sana;26.4;9;13.1;12.0;0;7.7;0;Buena